INFO buildroot.py:667:  Mock Version: 6.3
DEBUG file_util.py:18:  ensuring that dir exists: /var/lib/mock/xs-foundations-xs9-build-95501-282678
DEBUG file_util.py:18:  ensuring that dir exists: /var/lib/mock/xs-foundations-xs9-build-95501-282678/root
DEBUG file_util.py:21:  created dir: /var/lib/mock/xs-foundations-xs9-build-95501-282678/root
DEBUG file_util.py:18:  ensuring that dir exists: /var/lib/mock/xs-foundations-xs9-build-95501-282678/result
INFO buildroot.py:318:  calling preinit hooks
DEBUG util.py:634:  child environment: None
DEBUG util.py:556:  Executing command: ['/usr/bin/lscpu'] with env {'TERM': 'vt100', 'SHELL': '/bin/sh', 'HOME': '/builddir', 'HOSTNAME': 'mock', 'PATH': '/usr/bin:/bin:/usr/sbin:/sbin', 'LANG': 'C.UTF-8'} and shell False
DEBUG util.py:461:  Architecture:                            x86_64
DEBUG util.py:461:  CPU op-mode(s):                          32-bit, 64-bit
DEBUG util.py:461:  Address sizes:                           46 bits physical, 48 bits virtual
DEBUG util.py:461:  Byte Order:                              Little Endian
DEBUG util.py:461:  CPU(s):                                  32
DEBUG util.py:461:  On-line CPU(s) list:                     0-31
DEBUG util.py:461:  Vendor ID:                               GenuineIntel
DEBUG util.py:461:  Model name:                              Intel(R) Xeon(R) Silver 4215R CPU @ 3.20GHz
DEBUG util.py:461:  CPU family:                              6
DEBUG util.py:461:  Model:                                   85
DEBUG util.py:461:  Thread(s) per core:                      2
DEBUG util.py:461:  Core(s) per socket:                      8
DEBUG util.py:461:  Socket(s):                               2
DEBUG util.py:461:  Stepping:                                7
DEBUG util.py:461:  CPU(s) scaling MHz:                      27%
DEBUG util.py:461:  CPU max MHz:                             4000.0000
DEBUG util.py:461:  CPU min MHz:                             1000.0000
DEBUG util.py:461:  BogoMIPS:                                6400.00
DEBUG util.py:461:  Flags:                                   fpu vme de pse tsc msr pae mce cx8 apic sep mtrr pge mca cmov pat pse36 clflush dts acpi mmx fxsr sse sse2 ss ht tm pbe syscall nx pdpe1gb rdtscp lm constant_tsc art arch_perfmon pebs bts rep_good nopl xtopology nonstop_tsc cpuid aperfmperf pni pclmulqdq dtes64 monitor ds_cpl vmx smx est tm2 ssse3 sdbg fma cx16 xtpr pdcm pcid dca sse4_1 sse4_2 x2apic movbe popcnt tsc_deadline_timer aes xsave avx f16c rdrand lahf_lm abm 3dnowprefetch cpuid_fault epb cat_l3 cdp_l3 intel_ppin ssbd mba ibrs ibpb stibp ibrs_enhanced tpr_shadow flexpriority ept vpid ept_ad fsgsbase tsc_adjust bmi1 avx2 smep bmi2 erms invpcid cqm mpx rdt_a avx512f avx512dq rdseed adx smap clflushopt clwb intel_pt avx512cd avx512bw avx512vl xsaveopt xsavec xgetbv1 xsaves cqm_llc cqm_occup_llc cqm_mbm_total cqm_mbm_local dtherm ida arat pln pts hwp hwp_act_window hwp_epp hwp_pkg_req vnmi pku ospke avx512_vnni md_clear flush_l1d arch_capabilities
DEBUG util.py:461:  Virtualization:                          VT-x
DEBUG util.py:461:  L1d cache:                               512 KiB (16 instances)
DEBUG util.py:461:  L1i cache:                               512 KiB (16 instances)
DEBUG util.py:461:  L2 cache:                                16 MiB (16 instances)
DEBUG util.py:461:  L3 cache:                                22 MiB (2 instances)
DEBUG util.py:461:  NUMA node(s):                            2
DEBUG util.py:461:  NUMA node0 CPU(s):                       0-7,16-23
DEBUG util.py:461:  NUMA node1 CPU(s):                       8-15,24-31
DEBUG util.py:461:  Vulnerability Gather data sampling:      Mitigation; Microcode
DEBUG util.py:461:  Vulnerability Indirect target selection: Mitigation; Aligned branch/return thunks
DEBUG util.py:461:  Vulnerability Itlb multihit:             KVM: Mitigation: Split huge pages
DEBUG util.py:461:  Vulnerability L1tf:                      Not affected
DEBUG util.py:461:  Vulnerability Mds:                       Not affected
DEBUG util.py:461:  Vulnerability Meltdown:                  Not affected
DEBUG util.py:461:  Vulnerability Mmio stale data:           Mitigation; Clear CPU buffers; SMT vulnerable
DEBUG util.py:461:  Vulnerability Reg file data sampling:    Not affected
DEBUG util.py:461:  Vulnerability Retbleed:                  Mitigation; Enhanced IBRS
DEBUG util.py:461:  Vulnerability Spec rstack overflow:      Not affected
DEBUG util.py:461:  Vulnerability Spec store bypass:         Mitigation; Speculative Store Bypass disabled via prctl
DEBUG util.py:461:  Vulnerability Spectre v1:                Mitigation; usercopy/swapgs barriers and __user pointer sanitization
DEBUG util.py:461:  Vulnerability Spectre v2:                Mitigation; Enhanced / Automatic IBRS; IBPB conditional; PBRSB-eIBRS SW sequence; BHI SW loop, KVM SW loop
DEBUG util.py:461:  Vulnerability Srbds:                     Not affected
DEBUG util.py:461:  Vulnerability Tsa:                       Not affected
DEBUG util.py:461:  Vulnerability Tsx async abort:           Mitigation; TSX disabled
DEBUG util.py:608:  Child return code was: 0
DEBUG util.py:634:  child environment: None
DEBUG util.py:556:  Executing command: ['/bin/free', '--human'] with env {'TERM': 'vt100', 'SHELL': '/bin/sh', 'HOME': '/builddir', 'HOSTNAME': 'mock', 'PATH': '/usr/bin:/bin:/usr/sbin:/sbin', 'LANG': 'C.UTF-8'} and shell False
DEBUG util.py:461:                 total        used        free      shared  buff/cache   available
DEBUG util.py:461:  Mem:           124Gi       2.9Gi       115Gi       108Mi       7.9Gi       121Gi
DEBUG util.py:461:  Swap:          8.0Gi          0B       8.0Gi
DEBUG util.py:608:  Child return code was: 0
DEBUG util.py:634:  child environment: None
DEBUG util.py:556:  Executing command: ['/bin/df', '-H', '-T', '/var/lib/mock/xs-foundations-xs9-build-95501-282678/root', '/var/cache/mock'] with env {'TERM': 'vt100', 'SHELL': '/bin/sh', 'HOME': '/builddir', 'HOSTNAME': 'mock', 'PATH': '/usr/bin:/bin:/usr/sbin:/sbin', 'LANG': 'C.UTF-8'} and shell False
DEBUG util.py:461:  Filesystem                      Type  Size  Used Avail Use% Mounted on
DEBUG util.py:461:  /dev/mapper/VolGroup-lv_var_lib xfs   602G  9.7G  592G   2% /var/lib
DEBUG util.py:461:  /dev/mapper/VolGroup-lv_var     xfs   108G   15G   94G  14% /var
DEBUG util.py:608:  Child return code was: 0
DEBUG buildroot.py:723:  create skeleton dirs
DEBUG file_util.py:18:  ensuring that dir exists: /var/lib/mock/xs-foundations-xs9-build-95501-282678/root/var/lib/rpm
DEBUG file_util.py:21:  created dir: /var/lib/mock/xs-foundations-xs9-build-95501-282678/root/var/lib/rpm
DEBUG file_util.py:18:  ensuring that dir exists: /var/lib/mock/xs-foundations-xs9-build-95501-282678/root/var/lib/yum
DEBUG file_util.py:21:  created dir: /var/lib/mock/xs-foundations-xs9-build-95501-282678/root/var/lib/yum
DEBUG file_util.py:18:  ensuring that dir exists: /var/lib/mock/xs-foundations-xs9-build-95501-282678/root/var/lib/dbus
DEBUG file_util.py:21:  created dir: /var/lib/mock/xs-foundations-xs9-build-95501-282678/root/var/lib/dbus
DEBUG file_util.py:18:  ensuring that dir exists: /var/lib/mock/xs-foundations-xs9-build-95501-282678/root/var/log
DEBUG file_util.py:21:  created dir: /var/lib/mock/xs-foundations-xs9-build-95501-282678/root/var/log
DEBUG file_util.py:18:  ensuring that dir exists: /var/lib/mock/xs-foundations-xs9-build-95501-282678/root/var/cache/dnf
DEBUG file_util.py:21:  created dir: /var/lib/mock/xs-foundations-xs9-build-95501-282678/root/var/cache/dnf
DEBUG file_util.py:18:  ensuring that dir exists: /var/lib/mock/xs-foundations-xs9-build-95501-282678/root/var/cache/yum
DEBUG file_util.py:21:  created dir: /var/lib/mock/xs-foundations-xs9-build-95501-282678/root/var/cache/yum
DEBUG file_util.py:18:  ensuring that dir exists: /var/lib/mock/xs-foundations-xs9-build-95501-282678/root/etc/rpm
DEBUG file_util.py:21:  created dir: /var/lib/mock/xs-foundations-xs9-build-95501-282678/root/etc/rpm
DEBUG file_util.py:18:  ensuring that dir exists: /var/lib/mock/xs-foundations-xs9-build-95501-282678/root/tmp
DEBUG file_util.py:21:  created dir: /var/lib/mock/xs-foundations-xs9-build-95501-282678/root/tmp
DEBUG file_util.py:18:  ensuring that dir exists: /var/lib/mock/xs-foundations-xs9-build-95501-282678/root/tmp/ccache
DEBUG file_util.py:21:  created dir: /var/lib/mock/xs-foundations-xs9-build-95501-282678/root/tmp/ccache
DEBUG file_util.py:18:  ensuring that dir exists: /var/lib/mock/xs-foundations-xs9-build-95501-282678/root/var/tmp
DEBUG file_util.py:21:  created dir: /var/lib/mock/xs-foundations-xs9-build-95501-282678/root/var/tmp
DEBUG file_util.py:18:  ensuring that dir exists: /var/lib/mock/xs-foundations-xs9-build-95501-282678/root/etc/dnf
DEBUG file_util.py:21:  created dir: /var/lib/mock/xs-foundations-xs9-build-95501-282678/root/etc/dnf
DEBUG file_util.py:18:  ensuring that dir exists: /var/lib/mock/xs-foundations-xs9-build-95501-282678/root/etc/dnf/vars
DEBUG file_util.py:21:  created dir: /var/lib/mock/xs-foundations-xs9-build-95501-282678/root/etc/dnf/vars
DEBUG file_util.py:18:  ensuring that dir exists: /var/lib/mock/xs-foundations-xs9-build-95501-282678/root/etc/yum.repos.d
DEBUG file_util.py:21:  created dir: /var/lib/mock/xs-foundations-xs9-build-95501-282678/root/etc/yum.repos.d
DEBUG file_util.py:18:  ensuring that dir exists: /var/lib/mock/xs-foundations-xs9-build-95501-282678/root/etc/yum
DEBUG file_util.py:21:  created dir: /var/lib/mock/xs-foundations-xs9-build-95501-282678/root/etc/yum
DEBUG file_util.py:18:  ensuring that dir exists: /var/lib/mock/xs-foundations-xs9-build-95501-282678/root/proc
DEBUG file_util.py:21:  created dir: /var/lib/mock/xs-foundations-xs9-build-95501-282678/root/proc
DEBUG file_util.py:18:  ensuring that dir exists: /var/lib/mock/xs-foundations-xs9-build-95501-282678/root/sys
DEBUG file_util.py:21:  created dir: /var/lib/mock/xs-foundations-xs9-build-95501-282678/root/sys
DEBUG file_util.py:18:  ensuring that dir exists: /var/lib/mock/xs-foundations-xs9-build-95501-282678/root/dev/pts
DEBUG file_util.py:21:  created dir: /var/lib/mock/xs-foundations-xs9-build-95501-282678/root/dev/pts
DEBUG file_util.py:18:  ensuring that dir exists: /var/lib/mock/xs-foundations-xs9-build-95501-282678/root/dev/shm
DEBUG file_util.py:21:  created dir: /var/lib/mock/xs-foundations-xs9-build-95501-282678/root/dev/shm
DEBUG file_util.py:18:  ensuring that dir exists: /var/lib/mock/xs-foundations-xs9-build-95501-282678/root/dev/mapper
DEBUG file_util.py:21:  created dir: /var/lib/mock/xs-foundations-xs9-build-95501-282678/root/dev/mapper
DEBUG buildroot.py:867:  kernel version == 5.14.0-620.el9.x86_64
DEBUG file_util.py:30:  touching file: /var/lib/mock/xs-foundations-xs9-build-95501-282678/root/etc/fstab
DEBUG file_util.py:30:  touching file: /var/lib/mock/xs-foundations-xs9-build-95501-282678/root/etc/yum/yum.conf
DEBUG file_util.py:30:  touching file: /var/lib/mock/xs-foundations-xs9-build-95501-282678/root/etc/dnf/dnf.conf
DEBUG file_util.py:30:  touching file: /var/lib/mock/xs-foundations-xs9-build-95501-282678/root/var/log/yum.log
DEBUG buildroot.py:332:  rootdir = /var/lib/mock/xs-foundations-xs9-build-95501-282678/root
DEBUG buildroot.py:333:  resultdir = /var/lib/mock/xs-foundations-xs9-build-95501-282678/result
DEBUG package_manager.py:63:  searching for 'dnf4' package manager or alternatives
INFO buildroot.py:181:  Package manager dnf4 detected and used (fallback)
DEBUG file_util.py:18:  ensuring that dir exists: /var/lib/mock/xs-foundations-xs9-build-95501-282678/root/etc/pki/mock
DEBUG file_util.py:21:  created dir: /var/lib/mock/xs-foundations-xs9-build-95501-282678/root/etc/pki/mock
DEBUG package_manager.py:404:  copying CA trust dir into chroot: /etc/pki/ca-trust => /etc/pki/ca-trust
DEBUG file_util.py:158:  Updating files in /var/lib/mock/xs-foundations-xs9-build-95501-282678/root/etc/pki/ca-trust with files from /etc/pki/ca-trust
DEBUG file_util.py:18:  ensuring that dir exists: /var/lib/mock/xs-foundations-xs9-build-95501-282678/root/etc/pki/ca-trust
DEBUG file_util.py:21:  created dir: /var/lib/mock/xs-foundations-xs9-build-95501-282678/root/etc/pki/ca-trust
DEBUG file_util.py:18:  ensuring that dir exists: /var/lib/mock/xs-foundations-xs9-build-95501-282678/root/etc/pki/ca-trust/./extracted
DEBUG file_util.py:21:  created dir: /var/lib/mock/xs-foundations-xs9-build-95501-282678/root/etc/pki/ca-trust/./extracted
DEBUG file_util.py:18:  ensuring that dir exists: /var/lib/mock/xs-foundations-xs9-build-95501-282678/root/etc/pki/ca-trust/./source
DEBUG file_util.py:21:  created dir: /var/lib/mock/xs-foundations-xs9-build-95501-282678/root/etc/pki/ca-trust/./source
DEBUG file_util.py:18:  ensuring that dir exists: /var/lib/mock/xs-foundations-xs9-build-95501-282678/root/etc/pki/ca-trust/extracted/edk2
DEBUG file_util.py:21:  created dir: /var/lib/mock/xs-foundations-xs9-build-95501-282678/root/etc/pki/ca-trust/extracted/edk2
DEBUG file_util.py:18:  ensuring that dir exists: /var/lib/mock/xs-foundations-xs9-build-95501-282678/root/etc/pki/ca-trust/extracted/java
DEBUG file_util.py:21:  created dir: /var/lib/mock/xs-foundations-xs9-build-95501-282678/root/etc/pki/ca-trust/extracted/java
DEBUG file_util.py:18:  ensuring that dir exists: /var/lib/mock/xs-foundations-xs9-build-95501-282678/root/etc/pki/ca-trust/extracted/openssl
DEBUG file_util.py:21:  created dir: /var/lib/mock/xs-foundations-xs9-build-95501-282678/root/etc/pki/ca-trust/extracted/openssl
DEBUG file_util.py:18:  ensuring that dir exists: /var/lib/mock/xs-foundations-xs9-build-95501-282678/root/etc/pki/ca-trust/extracted/pem
DEBUG file_util.py:21:  created dir: /var/lib/mock/xs-foundations-xs9-build-95501-282678/root/etc/pki/ca-trust/extracted/pem
DEBUG file_util.py:18:  ensuring that dir exists: /var/lib/mock/xs-foundations-xs9-build-95501-282678/root/etc/pki/ca-trust/extracted/pem/directory-hash
DEBUG file_util.py:21:  created dir: /var/lib/mock/xs-foundations-xs9-build-95501-282678/root/etc/pki/ca-trust/extracted/pem/directory-hash
DEBUG file_util.py:18:  ensuring that dir exists: /var/lib/mock/xs-foundations-xs9-build-95501-282678/root/etc/pki/ca-trust/source/anchors
DEBUG file_util.py:21:  created dir: /var/lib/mock/xs-foundations-xs9-build-95501-282678/root/etc/pki/ca-trust/source/anchors
DEBUG file_util.py:18:  ensuring that dir exists: /var/lib/mock/xs-foundations-xs9-build-95501-282678/root/etc/pki/ca-trust/source/blocklist
DEBUG file_util.py:21:  created dir: /var/lib/mock/xs-foundations-xs9-build-95501-282678/root/etc/pki/ca-trust/source/blocklist
DEBUG package_manager.py:404:  copying CA trust dir into chroot: /usr/share/pki/ca-trust-source => /usr/share/pki/ca-trust-source
DEBUG file_util.py:158:  Updating files in /var/lib/mock/xs-foundations-xs9-build-95501-282678/root/usr/share/pki/ca-trust-source with files from /usr/share/pki/ca-trust-source
DEBUG file_util.py:18:  ensuring that dir exists: /var/lib/mock/xs-foundations-xs9-build-95501-282678/root/usr/share/pki/ca-trust-source
DEBUG file_util.py:21:  created dir: /var/lib/mock/xs-foundations-xs9-build-95501-282678/root/usr/share/pki/ca-trust-source
DEBUG file_util.py:18:  ensuring that dir exists: /var/lib/mock/xs-foundations-xs9-build-95501-282678/root/usr/share/pki/ca-trust-source/./anchors
DEBUG file_util.py:21:  created dir: /var/lib/mock/xs-foundations-xs9-build-95501-282678/root/usr/share/pki/ca-trust-source/./anchors
DEBUG file_util.py:18:  ensuring that dir exists: /var/lib/mock/xs-foundations-xs9-build-95501-282678/root/usr/share/pki/ca-trust-source/./blocklist
DEBUG file_util.py:21:  created dir: /var/lib/mock/xs-foundations-xs9-build-95501-282678/root/usr/share/pki/ca-trust-source/./blocklist
DEBUG file_util.py:18:  ensuring that dir exists: /var/lib/mock/xs-foundations-xs9-build-95501-282678/root/etc/dnf
DEBUG package_manager.py:691:  configure DNF vars
DEBUG file_util.py:18:  ensuring that dir exists: /var/lib/mock/xs-foundations-xs9-build-95501-282678/root/etc
DEBUG file_util.py:18:  ensuring that dir exists: /var/lib/mock/xs-foundations-xs9-build-95501-282678/root/etc
DEBUG file_util.py:18:  ensuring that dir exists: /var/lib/mock/xs-foundations-xs9-build-95501-282678/root/proc
DEBUG util.py:634:  child environment: None
DEBUG util.py:556:  Executing command: ['/bin/mount', '-n', '-t', 'tmpfs', '-o', 'rprivate,mode=0755', 'tmpfs', '/var/lib/mock/xs-foundations-xs9-build-95501-282678/root/proc'] with env {'TERM': 'vt100', 'SHELL': '/bin/sh', 'HOME': '/builddir', 'HOSTNAME': 'mock', 'PATH': '/usr/bin:/bin:/usr/sbin:/sbin', 'LANG': 'C.UTF-8'} and shell False
DEBUG util.py:608:  Child return code was: 0
DEBUG file_util.py:18:  ensuring that dir exists: /var/lib/mock/xs-foundations-xs9-build-95501-282678/root/proc
DEBUG util.py:634:  child environment: None
DEBUG util.py:556:  Executing command: ['/bin/mount', '-n', '-o', 'rbind', '/proc', '/var/lib/mock/xs-foundations-xs9-build-95501-282678/root/proc'] with env {'TERM': 'vt100', 'SHELL': '/bin/sh', 'HOME': '/builddir', 'HOSTNAME': 'mock', 'PATH': '/usr/bin:/bin:/usr/sbin:/sbin', 'LANG': 'C.UTF-8'} and shell False
DEBUG util.py:608:  Child return code was: 0
DEBUG util.py:634:  child environment: None
DEBUG util.py:556:  Executing command: ['/bin/mount', '-n', '-o', 'remount,nodev,noexec,nosuid,readonly,rprivate,rbind', '--target', '/var/lib/mock/xs-foundations-xs9-build-95501-282678/root/proc'] with env {'TERM': 'vt100', 'SHELL': '/bin/sh', 'HOME': '/builddir', 'HOSTNAME': 'mock', 'PATH': '/usr/bin:/bin:/usr/sbin:/sbin', 'LANG': 'C.UTF-8'} and shell False
DEBUG util.py:608:  Child return code was: 0
DEBUG file_util.py:18:  ensuring that dir exists: /var/lib/mock/xs-foundations-xs9-build-95501-282678/root/sys
DEBUG util.py:634:  child environment: None
DEBUG util.py:556:  Executing command: ['/bin/mount', '-n', '-t', 'tmpfs', '-o', 'rprivate,mode=0755', 'tmpfs', '/var/lib/mock/xs-foundations-xs9-build-95501-282678/root/sys'] with env {'TERM': 'vt100', 'SHELL': '/bin/sh', 'HOME': '/builddir', 'HOSTNAME': 'mock', 'PATH': '/usr/bin:/bin:/usr/sbin:/sbin', 'LANG': 'C.UTF-8'} and shell False
DEBUG util.py:608:  Child return code was: 0
DEBUG file_util.py:18:  ensuring that dir exists: /var/lib/mock/xs-foundations-xs9-build-95501-282678/root/sys
DEBUG util.py:634:  child environment: None
DEBUG util.py:556:  Executing command: ['/bin/mount', '-n', '-o', 'rbind', '/sys', '/var/lib/mock/xs-foundations-xs9-build-95501-282678/root/sys'] with env {'TERM': 'vt100', 'SHELL': '/bin/sh', 'HOME': '/builddir', 'HOSTNAME': 'mock', 'PATH': '/usr/bin:/bin:/usr/sbin:/sbin', 'LANG': 'C.UTF-8'} and shell False
DEBUG util.py:608:  Child return code was: 0
DEBUG util.py:634:  child environment: None
DEBUG util.py:556:  Executing command: ['/bin/mount', '-n', '-o', 'remount,nodev,noexec,nosuid,readonly,rprivate,rbind', '--target', '/var/lib/mock/xs-foundations-xs9-build-95501-282678/root/sys'] with env {'TERM': 'vt100', 'SHELL': '/bin/sh', 'HOME': '/builddir', 'HOSTNAME': 'mock', 'PATH': '/usr/bin:/bin:/usr/sbin:/sbin', 'LANG': 'C.UTF-8'} and shell False
DEBUG util.py:608:  Child return code was: 0
DEBUG file_util.py:18:  ensuring that dir exists: /var/lib/mock/xs-foundations-xs9-build-95501-282678/root/dev/shm
DEBUG util.py:634:  child environment: None
DEBUG util.py:556:  Executing command: ['/bin/mount', '-n', '-t', 'tmpfs', 'tmpfs', '/var/lib/mock/xs-foundations-xs9-build-95501-282678/root/dev/shm'] with env {'TERM': 'vt100', 'SHELL': '/bin/sh', 'HOME': '/builddir', 'HOSTNAME': 'mock', 'PATH': '/usr/bin:/bin:/usr/sbin:/sbin', 'LANG': 'C.UTF-8'} and shell False
DEBUG util.py:608:  Child return code was: 0
DEBUG file_util.py:18:  ensuring that dir exists: /var/lib/mock/xs-foundations-xs9-build-95501-282678/root/dev/pts
DEBUG util.py:634:  child environment: None
DEBUG util.py:556:  Executing command: ['/bin/mount', '-n', '-t', 'devpts', '-o', 'gid=5,mode=0620,ptmxmode=0666,newinstance', 'devpts', '/var/lib/mock/xs-foundations-xs9-build-95501-282678/root/dev/pts'] with env {'TERM': 'vt100', 'SHELL': '/bin/sh', 'HOME': '/builddir', 'HOSTNAME': 'mock', 'PATH': '/usr/bin:/bin:/usr/sbin:/sbin', 'LANG': 'C.UTF-8'} and shell False
DEBUG util.py:608:  Child return code was: 0
DEBUG util.py:634:  child environment: None
DEBUG util.py:556:  Executing command: ['/bin/mount', '-n', '-o', 'bind', '/tmp/mock-selinux-plugin.q0afpnxo', '/var/lib/mock/xs-foundations-xs9-build-95501-282678/root/proc/filesystems'] with env {'TERM': 'vt100', 'SHELL': '/bin/sh', 'HOME': '/builddir', 'HOSTNAME': 'mock', 'PATH': '/usr/bin:/bin:/usr/sbin:/sbin', 'LANG': 'C.UTF-8'} and shell False
DEBUG util.py:608:  Child return code was: 0
DEBUG file_util.py:18:  ensuring that dir exists: /var/lib/mock/xs-foundations-xs9-build-95501-282678/root/sys/fs/selinux
DEBUG util.py:634:  child environment: None
DEBUG util.py:556:  Executing command: ['/bin/mount', '-n', '-t', 'tmpfs', 'tmpfs', '/var/lib/mock/xs-foundations-xs9-build-95501-282678/root/sys/fs/selinux'] with env {'TERM': 'vt100', 'SHELL': '/bin/sh', 'HOME': '/builddir', 'HOSTNAME': 'mock', 'PATH': '/usr/bin:/bin:/usr/sbin:/sbin', 'LANG': 'C.UTF-8'} and shell False
DEBUG util.py:608:  Child return code was: 0
DEBUG file_util.py:18:  ensuring that dir exists: /var/lib/mock/xs-foundations-xs9-build-95501-282678/root/installation-homedir
DEBUG file_util.py:21:  created dir: /var/lib/mock/xs-foundations-xs9-build-95501-282678/root/installation-homedir
DEBUG package_manager.py:295:  ['/usr/bin/dnf-3', '--installroot', '/var/lib/mock/xs-foundations-xs9-build-95501-282678/root/', '--setopt=deltarpm=False', '--setopt=allow_vendor_change=yes', '--allowerasing', '--disableplugin=local', '--disableplugin=spacewalk', '--disableplugin=versionlock', 'install', '@srpm-build']
DEBUG util.py:634:  child environment: None
DEBUG util.py:556:  Executing command: ['/usr/bin/dnf-3', '--installroot', '/var/lib/mock/xs-foundations-xs9-build-95501-282678/root/', '--setopt=deltarpm=False', '--setopt=allow_vendor_change=yes', '--allowerasing', '--disableplugin=local', '--disableplugin=spacewalk', '--disableplugin=versionlock', 'install', '@srpm-build', '--setopt=tsflags=nocontexts'] with env {'TERM': 'vt100', 'SHELL': '/bin/bash', 'HOME': '/var/lib/mock/xs-foundations-xs9-build-95501-282678/root/installation-homedir', 'HOSTNAME': 'mock', 'PATH': '/usr/bin:/bin:/usr/sbin:/sbin', 'PROMPT_COMMAND': 'printf "\\033]0;<mock-chroot>\\007"', 'PS1': '<mock-chroot> \\s-\\v\\$ ', 'LANG': 'en_US.UTF-8', 'NETRC': '/credentials/.netrc', 'XS_BUILDER': 'kojibuilder1', 'XSSIGN_SOCK': '/bind/mount/xssign/xssign.sock', 'XSSIGN_SERVERSIDE_SHARED_DIR': '/run/xssign/share/', 'XSSIGN_CLIENTSIDE_SHARED_DIR': '/bind/mount/xssign/share/', 'LC_MESSAGES': 'C.UTF-8'} and shell False
DEBUG util.py:459:  Unable to detect release version (use '--releasever' to specify release version)
DEBUG util.py:459:  No matches found for the following disable plugin patterns: local, spacewalk, versionlock
DEBUG util.py:461:  Last metadata expiration check: 0:00:01 ago on Thu 09 Oct 2025 10:28:33 AM UTC.
DEBUG util.py:459:  No match for group package "system-rpm-config"
DEBUG util.py:461:  Dependencies resolved.
DEBUG util.py:461:  ================================================================================
DEBUG util.py:461:   Package                         Arch      Version               Repo      Size
DEBUG util.py:461:  ================================================================================
DEBUG util.py:461:  Installing group/module packages:
DEBUG util.py:461:   bash                            x86_64    5.2.37-1.xs9          build    2.2 M
DEBUG util.py:461:   bzip2                           x86_64    1.0.8-3.xs9           build     56 k
DEBUG util.py:461:   coreutils                       x86_64    9.5-1.xs9             build    1.3 M
DEBUG util.py:461:   cpio                            x86_64    2.13-2.xs9            build    310 k
DEBUG util.py:461:   diffutils                       x86_64    3.10-2.xs9            build    443 k
DEBUG util.py:461:   findutils                       x86_64    4.9.0-4.xs9           build    536 k
DEBUG util.py:461:   gawk                            x86_64    5.1.1-5.xs9           build    1.1 M
DEBUG util.py:461:   gcc                             x86_64    12.4.0-2.xs9          build     39 M
DEBUG util.py:461:   gcc-c++                         x86_64    12.4.0-2.xs9          build     15 M
DEBUG util.py:461:   glibc-langpack-en               x86_64    2.41-1.xs9            build    1.6 M
DEBUG util.py:461:   go-srpm-macros                  noarch    3.7.0-3.xs9           build     28 k
DEBUG util.py:461:   grep                            x86_64    3.11-1.xs9            build    327 k
DEBUG util.py:461:   gzip                            x86_64    1.14-1.xs9            build    190 k
DEBUG util.py:461:   make                            x86_64    4.4-2.xs9             build    645 k
DEBUG util.py:461:   patch                           x86_64    2.7.6-3.xs9           build    139 k
DEBUG util.py:461:   pyproject-rpm-macros            noarch    1.8.0-2.xs9           build     38 k
DEBUG util.py:461:   python-srpm-macros              noarch    3.10-3.xs9            build     22 k
DEBUG util.py:461:   python3                         x86_64    3.11.3-5.xs9          build     25 k
DEBUG util.py:461:   python3-rpm-macros              noarch    3.10-3.xs9            build     10 k
DEBUG util.py:461:   rpm-build                       x86_64    4.18.0-6.xs9          build     66 k
DEBUG util.py:461:   sed                             x86_64    4.9-1.xs9             build    338 k
DEBUG util.py:461:   shadow-utils                    x86_64    4.17.0-1.xs9          build    831 k
DEBUG util.py:461:   tar                             x86_64    1.35-1.xs9            build    980 k
DEBUG util.py:461:   unzip                           x86_64    6.0-2.xs9             build    205 k
DEBUG util.py:461:   util-linux                      x86_64    2.38.1-4.xs9          build    3.1 M
DEBUG util.py:461:   xenpkg                          noarch    1.8.8-1.xs9           build     82 k
DEBUG util.py:461:   xenserver-config-macros         noarch    9.0.9-1.xs9           build     10 k
DEBUG util.py:461:   xz                              x86_64    5.4.1-2.xs9           build    438 k
DEBUG util.py:461:  Installing dependencies:
DEBUG util.py:461:   annobin-docs                    noarch    12.71-1.xs9           build     81 k
DEBUG util.py:461:   annobin-plugin-gcc              x86_64    12.71-1.xs9           build    962 k
DEBUG util.py:461:   audit-libs                      x86_64    3.1.2-2.xs9           build    135 k
DEBUG util.py:461:   basesystem                      noarch    11-2.xs9              build    6.5 k
DEBUG util.py:461:   binutils                        x86_64    2.45-1.xs9            build    7.6 M
DEBUG util.py:461:   bzip2-libs                      x86_64    1.0.8-3.xs9           build     44 k
DEBUG util.py:461:   ca-certificates                 noarch    2024.2.72-3.xs9       build    510 k
DEBUG util.py:461:   coreutils-common                x86_64    9.5-1.xs9             build    2.7 M
DEBUG util.py:461:   cpp                             x86_64    12.4.0-2.xs9          build     13 M
DEBUG util.py:461:   cracklib                        x86_64    2.9.11-3.xs9          build     89 k
DEBUG util.py:461:   crypto-policies                 noarch    20241128-1.xs9        build     53 k
DEBUG util.py:461:   curl                            x86_64    8.11.1-2.xs9          build    240 k
DEBUG util.py:461:   dash                            x86_64    0.5.11.5-2.xs9        build    106 k
DEBUG util.py:461:   dbus-common                     noarch    1.14.10-3.xs9         build     14 k
DEBUG util.py:461:   dbus-daemon                     x86_64    1.14.10-3.xs9         build    213 k
DEBUG util.py:461:   dbus-libs                       x86_64    1.14.10-3.xs9         build    180 k
DEBUG util.py:461:   dbus-tools                      x86_64    1.14.10-3.xs9         build     48 k
DEBUG util.py:461:   debugedit                       x86_64    5.2-1.xs9             build     86 k
DEBUG util.py:461:   dwz                             x86_64    0.16-1.xs9            build    159 k
DEBUG util.py:461:   ed                              x86_64    1.19-2.xs9            build     85 k
DEBUG util.py:461:   elfutils                        x86_64    0.193-1.xs9           build    622 k
DEBUG util.py:461:   elfutils-default-yama-scope     noarch    0.193-1.xs9           build    8.8 k
DEBUG util.py:461:   elfutils-libelf                 x86_64    0.193-1.xs9           build    262 k
DEBUG util.py:461:   elfutils-libs                   x86_64    0.193-1.xs9           build    308 k
DEBUG util.py:461:   expat                           x86_64    2.5.0-2.xs9           build    120 k
DEBUG util.py:461:   fakeroot                        x86_64    1.32.1-3.xs9          build     85 k
DEBUG util.py:461:   fakeroot-libs                   x86_64    1.32.1-3.xs9          build     29 k
DEBUG util.py:461:   file                            x86_64    5.45-1.xs9            build     52 k
DEBUG util.py:461:   file-libs                       x86_64    5.45-1.xs9            build    949 k
DEBUG util.py:461:   filesystem                      x86_64    3.18-3.xs9            build    1.1 M
DEBUG util.py:461:   gdb                             x86_64    15.2-2.xs9            build    5.5 M
DEBUG util.py:461:   gdbm                            x86_64    1.23-2.xs9            build    168 k
DEBUG util.py:461:   gdbm-libs                       x86_64    1.23-2.xs9            build     63 k
DEBUG util.py:461:   git                             x86_64    2.41.0-4.xs9          build     36 k
DEBUG util.py:461:   git-core                        x86_64    2.41.0-4.xs9          build    6.2 M
DEBUG util.py:461:   git-core-doc                    noarch    2.41.0-4.xs9          build    1.3 M
DEBUG util.py:461:   glibc                           x86_64    2.41-1.xs9            build    2.7 M
DEBUG util.py:461:   glibc-common                    x86_64    2.41-1.xs9            build    355 k
DEBUG util.py:461:   glibc-devel                     x86_64    2.41-1.xs9            build    554 k
DEBUG util.py:461:   glibc-minimal-langpack          x86_64    2.41-1.xs9            build    7.4 k
DEBUG util.py:461:   gmp                             x86_64    6.2.1-3.xs9           build    356 k
DEBUG util.py:461:   gnupg2                          x86_64    2.4.0-6.xs9           build    3.0 M
DEBUG util.py:461:   gnutls                          x86_64    3.8.8-2.xs9           build    1.3 M
DEBUG util.py:461:   groff-base                      x86_64    1.23.0-1.xs9          build    1.3 M
DEBUG util.py:461:   jansson                         x86_64    2.14.1-1.xs9          build     70 k
DEBUG util.py:461:   kernel-headers                  x86_64    6.6.98-5.xs9          build    1.7 M
DEBUG util.py:461:   keyutils-libs                   x86_64    1.6.3-2.xs9           build     33 k
DEBUG util.py:461:   krb5-libs                       x86_64    1.21.3-3.xs9          build    912 k
DEBUG util.py:461:   less                            x86_64    633-2.xs9             build    192 k
DEBUG util.py:461:   libacl                          x86_64    2.3.2-1.xs9           build     25 k
DEBUG util.py:461:   libarchive                      x86_64    3.6.1-2.xs9           build    463 k
DEBUG util.py:461:   libassuan                       x86_64    2.5.5-2.xs9           build     76 k
DEBUG util.py:461:   libattr                         x86_64    2.5.1-2.xs9           build     18 k
DEBUG util.py:461:   libb2                           x86_64    0.98.1-2.xs9          build     28 k
DEBUG util.py:461:   libblkid                        x86_64    2.38.1-4.xs9          build    114 k
DEBUG util.py:461:   libcap                          x86_64    2.48-2.xs9            build     73 k
DEBUG util.py:461:   libcap-ng                       x86_64    0.8.3-2.xs9           build     34 k
DEBUG util.py:461:   libcom_err                      x86_64    1.47.0-3.xs9          build     28 k
DEBUG util.py:461:   libcurl                         x86_64    8.11.1-2.xs9          build    386 k
DEBUG util.py:461:   libedit                         x86_64    3.1-2.xs9             build    119 k
DEBUG util.py:461:   libevent                        x86_64    2.1.12-2.xs9          build    302 k
DEBUG util.py:461:   libfdisk                        x86_64    2.38.1-4.xs9          build    184 k
DEBUG util.py:461:   libffi                          x86_64    3.4.4-2.xs9           build     40 k
DEBUG util.py:461:   libgcc                          x86_64    12.4.0-2.xs9          build     97 k
DEBUG util.py:461:   libgcrypt                       x86_64    1.11.0-1.xs9          build    683 k
DEBUG util.py:461:   libgomp                         x86_64    12.4.0-2.xs9          build    296 k
DEBUG util.py:461:   libgpg-error                    x86_64    1.51-3.xs9            build    273 k
DEBUG util.py:461:   libidn2                         x86_64    2.3.4-4.xs9           build    186 k
DEBUG util.py:461:   libksba                         x86_64    1.6.3-2.xs9           build    177 k
DEBUG util.py:461:   libmount                        x86_64    2.38.1-4.xs9          build    153 k
DEBUG util.py:461:   libmpc                          x86_64    1.3.1-2.xs9           build     79 k
DEBUG util.py:461:   libnghttp2                      x86_64    1.64.0-2.xs9          build     93 k
DEBUG util.py:461:   libpkgconf                      x86_64    1.8.0-2.xs9           build     37 k
DEBUG util.py:461:   libpwquality                    x86_64    1.4.5-2.xs9           build    120 k
DEBUG util.py:461:   libseccomp                      x86_64    2.5.3-2.xs9           build     80 k
DEBUG util.py:461:   libsigsegv                      x86_64    2.14-2.xs9            build     28 k
DEBUG util.py:461:   libsmartcols                    x86_64    2.38.1-4.xs9          build     70 k
DEBUG util.py:461:   libstdc++                       x86_64    12.4.0-2.xs9          build    928 k
DEBUG util.py:461:   libstdc++-devel                 x86_64    12.4.0-2.xs9          build    3.0 M
DEBUG util.py:461:   libtasn1                        x86_64    4.19.0-2.xs9          build     82 k
DEBUG util.py:461:   libunistring                    x86_64    1.0-2.xs9             build    722 k
DEBUG util.py:461:   libutempter                     x86_64    1.2.1-2.xs9           build     27 k
DEBUG util.py:461:   libuuid                         x86_64    2.38.1-4.xs9          build     26 k
DEBUG util.py:461:   libverto                        x86_64    0.3.2-2.xs9           build     21 k
DEBUG util.py:461:   libxcrypt                       x86_64    4.4.36-3.xs9          build    133 k
DEBUG util.py:461:   libxcrypt-devel                 x86_64    4.4.36-3.xs9          build     27 k
DEBUG util.py:461:   libxml2                         x86_64    2.10.4-2.xs9          build    821 k
DEBUG util.py:461:   libzstd                         x86_64    1.5.5-2.xs9           build    332 k
DEBUG util.py:461:   lua-libs                        x86_64    5.4.4-3.xs9           build    147 k
DEBUG util.py:461:   lz4-libs                        x86_64    1.10.0-1.xs9          build     79 k
DEBUG util.py:461:   mpdecimal                       x86_64    2.5.1-2.xs9           build    100 k
DEBUG util.py:461:   mpfr                            x86_64    4.1.1-3.xs9           build    713 k
DEBUG util.py:461:   ncurses                         x86_64    6.4-7.xs9             build    429 k
DEBUG util.py:461:   ncurses-base                    noarch    6.4-7.xs9             build     68 k
DEBUG util.py:461:   ncurses-libs                    x86_64    6.4-7.xs9             build    385 k
DEBUG util.py:461:   nettle                          x86_64    3.10-1.xs9            build    478 k
DEBUG util.py:461:   npth                            x86_64    1.6-2.xs9             build     27 k
DEBUG util.py:461:   openldap                        x86_64    2.6.4-5.xs9           build    295 k
DEBUG util.py:461:   openssh                         x86_64    9.9p1-1.xs9           build    379 k
DEBUG util.py:461:   openssh-clients                 x86_64    9.9p1-1.xs9           build    824 k
DEBUG util.py:461:   openssl-libs                    x86_64    3.0.9-6.xs9           build    2.9 M
DEBUG util.py:461:   p11-kit                         x86_64    0.24.1-3.xs9          build    393 k
DEBUG util.py:461:   p11-kit-trust                   x86_64    0.24.1-3.xs9          build    144 k
DEBUG util.py:461:   pam                             x86_64    1.7.0-2.xs9           build    413 k
DEBUG util.py:461:   pam-libs                        x86_64    1.7.0-2.xs9           build     60 k
DEBUG util.py:461:   pcre2                           x86_64    10.40-2.xs9           build    269 k
DEBUG util.py:461:   pcre2-syntax                    noarch    10.40-2.xs9           build    146 k
DEBUG util.py:461:   perl                            x86_64    5.36.1-4.xs9          build     11 k
DEBUG util.py:461:   perl-Archive-Tar                noarch    5.36.1-4.xs9          build     72 k
DEBUG util.py:461:   perl-Attribute-Handlers         noarch    5.36.1-4.xs9          build     28 k
DEBUG util.py:461:   perl-AutoLoader                 noarch    5.36.1-4.xs9          build     21 k
DEBUG util.py:461:   perl-AutoSplit                  noarch    5.36.1-4.xs9          build     21 k
DEBUG util.py:461:   perl-B                          x86_64    5.36.1-4.xs9          build    204 k
DEBUG util.py:461:   perl-Benchmark                  noarch    5.36.1-4.xs9          build     27 k
DEBUG util.py:461:   perl-CPAN                       noarch    5.36.1-4.xs9          build    318 k
DEBUG util.py:461:   perl-CPAN-Meta                  noarch    5.36.1-4.xs9          build    146 k
DEBUG util.py:461:   perl-CPAN-Meta-Requirements     noarch    5.36.1-4.xs9          build     22 k
DEBUG util.py:461:   perl-CPAN-Meta-YAML             noarch    5.36.1-4.xs9          build     19 k
DEBUG util.py:461:   perl-Carp                       noarch    5.36.1-4.xs9          build     29 k
DEBUG util.py:461:   perl-Class-Struct               noarch    5.36.1-4.xs9          build     22 k
DEBUG util.py:461:   perl-Compress-Raw-Bzip2         x86_64    5.36.1-4.xs9          build     31 k
DEBUG util.py:461:   perl-Compress-Raw-Zlib          x86_64    5.36.1-4.xs9          build     58 k
DEBUG util.py:461:   perl-Config-Extensions          noarch    5.36.1-4.xs9          build     11 k
DEBUG util.py:461:   perl-Config-INI                 noarch    0.027-2.xs9           build     39 k
DEBUG util.py:461:   perl-Config-Perl-V              noarch    5.36.1-4.xs9          build     19 k
DEBUG util.py:461:   perl-Crypt-JWT                  noarch    0.035-3.xs9           build     43 k
DEBUG util.py:461:   perl-CryptX                     x86_64    0.078-6.xs9           build    811 k
DEBUG util.py:461:   perl-DBM_Filter                 noarch    5.36.1-4.xs9          build     32 k
DEBUG util.py:461:   perl-Data-Dump                  noarch    1.25-2.xs9            build     35 k
DEBUG util.py:461:   perl-Data-Dumper                x86_64    5.36.1-4.xs9          build     55 k
DEBUG util.py:461:   perl-Data-OptList               noarch    0.112-2.xs9           build     28 k
DEBUG util.py:461:   perl-Devel-PPPort               x86_64    5.36.1-4.xs9          build    178 k
DEBUG util.py:461:   perl-Devel-Peek                 x86_64    5.36.1-4.xs9          build     33 k
DEBUG util.py:461:   perl-Devel-SelfStubber          noarch    5.36.1-4.xs9          build     13 k
DEBUG util.py:461:   perl-Digest                     noarch    5.36.1-4.xs9          build     25 k
DEBUG util.py:461:   perl-Digest-HMAC                noarch    1.04-2.xs9            build     23 k
DEBUG util.py:461:   perl-Digest-MD5                 x86_64    5.36.1-4.xs9          build     30 k
DEBUG util.py:461:   perl-Digest-SHA                 x86_64    5.36.1-4.xs9          build     58 k
DEBUG util.py:461:   perl-DirHandle                  noarch    5.36.1-4.xs9          build     11 k
DEBUG util.py:461:   perl-Dumpvalue                  noarch    5.36.1-4.xs9          build     18 k
DEBUG util.py:461:   perl-DynaLoader                 x86_64    5.36.1-4.xs9          build     26 k
DEBUG util.py:461:   perl-Encode                     x86_64    5.36.1-4.xs9          build    1.3 M
DEBUG util.py:461:   perl-Encode-Locale              noarch    1.05-2.xs9            build     19 k
DEBUG util.py:461:   perl-Encode-devel               noarch    5.36.1-4.xs9          build     46 k
DEBUG util.py:461:   perl-English                    noarch    5.36.1-4.xs9          build     12 k
DEBUG util.py:461:   perl-Env                        noarch    5.36.1-4.xs9          build     13 k
DEBUG util.py:461:   perl-Errno                      x86_64    5.36.1-4.xs9          build     14 k
DEBUG util.py:461:   perl-Error                      noarch    0.17029-2.xs9         build     44 k
DEBUG util.py:461:   perl-Exporter                   noarch    5.36.1-4.xs9          build     30 k
DEBUG util.py:461:   perl-ExtUtils-CBuilder          noarch    5.36.1-4.xs9          build     36 k
DEBUG util.py:461:   perl-ExtUtils-Command           noarch    7.66-2.xs9            build     13 k
DEBUG util.py:461:   perl-ExtUtils-Constant          noarch    5.36.1-4.xs9          build     49 k
DEBUG util.py:461:   perl-ExtUtils-Embed             noarch    5.36.1-4.xs9          build     17 k
DEBUG util.py:461:   perl-ExtUtils-Install           noarch    5.36.1-4.xs9          build     44 k
DEBUG util.py:461:   perl-ExtUtils-MM-Utils          noarch    7.66-2.xs9            build     11 k
DEBUG util.py:461:   perl-ExtUtils-MakeMaker         noarch    7.66-2.xs9            build    323 k
DEBUG util.py:461:   perl-ExtUtils-Manifest          noarch    5.36.1-4.xs9          build     22 k
DEBUG util.py:461:   perl-ExtUtils-Miniperl          noarch    5.36.1-4.xs9          build     14 k
DEBUG util.py:461:   perl-ExtUtils-ParseXS           noarch    5.36.1-4.xs9          build    197 k
DEBUG util.py:461:   perl-Fcntl                      x86_64    5.36.1-4.xs9          build     20 k
DEBUG util.py:461:   perl-File-Basename              noarch    5.36.1-4.xs9          build     16 k
DEBUG util.py:461:   perl-File-Compare               noarch    5.36.1-4.xs9          build     12 k
DEBUG util.py:461:   perl-File-Copy                  noarch    5.36.1-4.xs9          build     19 k
DEBUG util.py:461:   perl-File-Copy-Recursive        noarch    0.45-2.xs9            build     27 k
DEBUG util.py:461:   perl-File-DosGlob               x86_64    5.36.1-4.xs9          build     19 k
DEBUG util.py:461:   perl-File-Fetch                 noarch    5.36.1-4.xs9          build     29 k
DEBUG util.py:461:   perl-File-Find                  noarch    5.36.1-4.xs9          build     26 k
DEBUG util.py:461:   perl-File-Listing               noarch    6.15-2.xs9            build     26 k
DEBUG util.py:461:   perl-File-Path                  noarch    5.36.1-4.xs9          build     33 k
DEBUG util.py:461:   perl-File-Slurp-Tiny            noarch    0.004-2.xs9           build     20 k
DEBUG util.py:461:   perl-File-Temp                  noarch    5.36.1-4.xs9          build     53 k
DEBUG util.py:461:   perl-File-stat                  noarch    5.36.1-4.xs9          build     16 k
DEBUG util.py:461:   perl-FileCache                  noarch    5.36.1-4.xs9          build     14 k
DEBUG util.py:461:   perl-FileHandle                 noarch    5.36.1-4.xs9          build     15 k
DEBUG util.py:461:   perl-Filter                     x86_64    5.36.1-4.xs9          build     47 k
DEBUG util.py:461:   perl-Filter-Simple              noarch    5.36.1-4.xs9          build     25 k
DEBUG util.py:461:   perl-FindBin                    noarch    5.36.1-4.xs9          build     13 k
DEBUG util.py:461:   perl-GDBM_File                  x86_64    5.36.1-4.xs9          build     46 k
DEBUG util.py:461:   perl-Getopt-Long                noarch    5.36.1-4.xs9          build     53 k
DEBUG util.py:461:   perl-Getopt-Std                 noarch    5.36.1-4.xs9          build     15 k
DEBUG util.py:461:   perl-Git                        noarch    2.41.0-4.xs9          build     27 k
DEBUG util.py:461:   perl-HTML-Parser                x86_64    3.81-2.xs9            build    134 k
DEBUG util.py:461:   perl-HTML-Tagset                noarch    3.20-2.xs9            build     18 k
DEBUG util.py:461:   perl-HTTP-Cookies               noarch    6.10-2.xs9            build     40 k
DEBUG util.py:461:   perl-HTTP-Date                  noarch    6.05-2.xs9            build     25 k
DEBUG util.py:461:   perl-HTTP-Message               noarch    6.37-2.xs9            build    106 k
DEBUG util.py:461:   perl-HTTP-Negotiate             noarch    6.01-2.xs9            build     20 k
DEBUG util.py:461:   perl-HTTP-Tiny                  noarch    5.36.1-4.xs9          build     43 k
DEBUG util.py:461:   perl-Hash-Util                  x86_64    5.36.1-4.xs9          build     35 k
DEBUG util.py:461:   perl-Hash-Util-FieldHash        x86_64    5.36.1-4.xs9          build     40 k
DEBUG util.py:461:   perl-I18N-Collate               noarch    5.36.1-4.xs9          build     13 k
DEBUG util.py:461:   perl-I18N-LangTags              noarch    5.36.1-4.xs9          build     57 k
DEBUG util.py:461:   perl-I18N-Langinfo              x86_64    5.36.1-4.xs9          build     22 k
DEBUG util.py:461:   perl-IO                         x86_64    5.36.1-4.xs9          build     92 k
DEBUG util.py:461:   perl-IO-Compress                noarch    5.36.1-4.xs9          build    280 k
DEBUG util.py:461:   perl-IO-HTML                    noarch    1.004-2.xs9           build     29 k
DEBUG util.py:461:   perl-IO-Socket-IP               noarch    5.36.1-4.xs9          build     31 k
DEBUG util.py:461:   perl-IO-Socket-SSL              noarch    2.075-3.xs9           build    245 k
DEBUG util.py:461:   perl-IO-Zlib                    noarch    5.36.1-4.xs9          build     18 k
DEBUG util.py:461:   perl-IPC-Cmd                    noarch    5.36.1-4.xs9          build     38 k
DEBUG util.py:461:   perl-IPC-Open3                  noarch    5.36.1-4.xs9          build     22 k
DEBUG util.py:461:   perl-IPC-SysV                   x86_64    5.36.1-4.xs9          build     39 k
DEBUG util.py:461:   perl-JSON                       noarch    4.09-2.xs9            build    107 k
DEBUG util.py:461:   perl-JSON-PP                    noarch    5.36.1-4.xs9          build     67 k
DEBUG util.py:461:   perl-LWP-MediaTypes             noarch    6.04-2.xs9            build     36 k
DEBUG util.py:461:   perl-LWP-Protocol-https         noarch    6.10-2.xs9            build     22 k
DEBUG util.py:461:   perl-Locale-Maketext            noarch    5.36.1-4.xs9          build    100 k
DEBUG util.py:461:   perl-Locale-Maketext-Simple     noarch    5.36.1-4.xs9          build     17 k
DEBUG util.py:461:   perl-MIME-Base64                x86_64    5.36.1-4.xs9          build     28 k
DEBUG util.py:461:   perl-Math-BigInt                noarch    5.36.1-4.xs9          build    190 k
DEBUG util.py:461:   perl-Math-BigInt-FastCalc       x86_64    5.36.1-4.xs9          build     23 k
DEBUG util.py:461:   perl-Math-BigRat                noarch    5.36.1-4.xs9          build     37 k
DEBUG util.py:461:   perl-Math-Complex               noarch    5.36.1-4.xs9          build     49 k
DEBUG util.py:461:   perl-Memoize                    noarch    5.36.1-4.xs9          build     59 k
DEBUG util.py:461:   perl-Mixin-Linewise             noarch    0.110-2.xs9           build     28 k
DEBUG util.py:461:   perl-Module-Build               noarch    0.42.31-2.xs9         build    284 k
DEBUG util.py:461:   perl-Module-CoreList            noarch    5.36.1-4.xs9          build    106 k
DEBUG util.py:461:   perl-Module-CoreList-tools      noarch    5.36.1-4.xs9          build     17 k
DEBUG util.py:461:   perl-Module-Load                noarch    5.36.1-4.xs9          build     16 k
DEBUG util.py:461:   perl-Module-Load-Conditional    noarch    5.36.1-4.xs9          build     20 k
DEBUG util.py:461:   perl-Module-Loaded              noarch    5.36.1-4.xs9          build     12 k
DEBUG util.py:461:   perl-Module-Metadata            noarch    5.36.1-4.xs9          build     26 k
DEBUG util.py:461:   perl-Mozilla-CA                 noarch    20211001-2.xs9        build     12 k
DEBUG util.py:461:   perl-NDBM_File                  x86_64    5.36.1-4.xs9          build     22 k
DEBUG util.py:461:   perl-NEXT                       noarch    5.36.1-4.xs9          build     21 k
DEBUG util.py:461:   perl-NTLM                       noarch    1.09-2.xs9            build     23 k
DEBUG util.py:461:   perl-Net                        noarch    5.36.1-4.xs9          build     25 k
DEBUG util.py:461:   perl-Net-HTTP                   noarch    6.22-2.xs9            build     43 k
DEBUG util.py:461:   perl-Net-Ping                   noarch    5.36.1-4.xs9          build     44 k
DEBUG util.py:461:   perl-Net-SSLeay                 x86_64    1.92-2.xs9            build    387 k
DEBUG util.py:461:   perl-ODBM_File                  x86_64    5.36.1-4.xs9          build     22 k
DEBUG util.py:461:   perl-Opcode                     x86_64    5.36.1-4.xs9          build     39 k
DEBUG util.py:461:   perl-POSIX                      x86_64    5.36.1-4.xs9          build    108 k
DEBUG util.py:461:   perl-Package-Generator          noarch    1.106-2.xs9           build     23 k
DEBUG util.py:461:   perl-Params-Check               noarch    5.36.1-4.xs9          build     21 k
DEBUG util.py:461:   perl-Params-Util                x86_64    1.102-2.xs9           build     35 k
DEBUG util.py:461:   perl-PathTools                  x86_64    5.36.1-4.xs9          build     84 k
DEBUG util.py:461:   perl-Perl-OSType                noarch    5.36.1-4.xs9          build     14 k
DEBUG util.py:461:   perl-Perl-Version               noarch    1.013-2.xs9           build     36 k
DEBUG util.py:461:   perl-PerlIO-utf8_strict         x86_64    0.009-2.xs9           build     27 k
DEBUG util.py:461:   perl-PerlIO-via-QuotedPrint     noarch    5.36.1-4.xs9          build     13 k
DEBUG util.py:461:   perl-Pod-Checker                noarch    5.36.1-4.xs9          build     32 k
DEBUG util.py:461:   perl-Pod-Escapes                noarch    5.36.1-4.xs9          build     19 k
DEBUG util.py:461:   perl-Pod-Functions              noarch    5.36.1-4.xs9          build     13 k
DEBUG util.py:461:   perl-Pod-Html                   noarch    5.36.1-4.xs9          build     32 k
DEBUG util.py:461:   perl-Pod-Perldoc                noarch    5.36.1-4.xs9          build     86 k
DEBUG util.py:461:   perl-Pod-Simple                 noarch    5.36.1-4.xs9          build    238 k
DEBUG util.py:461:   perl-Pod-Usage                  noarch    5.36.1-4.xs9          build     33 k
DEBUG util.py:461:   perl-Safe                       noarch    5.36.1-4.xs9          build     25 k
DEBUG util.py:461:   perl-Scalar-List-Utils          x86_64    5.36.1-4.xs9          build     74 k
DEBUG util.py:461:   perl-Search-Dict                noarch    5.36.1-4.xs9          build     12 k
DEBUG util.py:461:   perl-SelectSaver                noarch    5.36.1-4.xs9          build     10 k
DEBUG util.py:461:   perl-SelfLoader                 noarch    5.36.1-4.xs9          build     21 k
DEBUG util.py:461:   perl-Socket                     x86_64    5.36.1-4.xs9          build     47 k
DEBUG util.py:461:   perl-Storable                   x86_64    5.36.1-4.xs9          build     92 k
DEBUG util.py:461:   perl-Sub-Exporter               noarch    0.988-2.xs9           build     80 k
DEBUG util.py:461:   perl-Sub-Install                noarch    0.928-2.xs9           build     23 k
DEBUG util.py:461:   perl-Symbol                     noarch    5.36.1-4.xs9          build     13 k
DEBUG util.py:461:   perl-Sys-Hostname               x86_64    5.36.1-4.xs9          build     16 k
DEBUG util.py:461:   perl-Sys-Syslog                 x86_64    5.36.1-4.xs9          build     43 k
DEBUG util.py:461:   perl-Term-ANSIColor             noarch    5.36.1-4.xs9          build     41 k
DEBUG util.py:461:   perl-Term-Cap                   noarch    5.36.1-4.xs9          build     20 k
DEBUG util.py:461:   perl-Term-Complete              noarch    5.36.1-4.xs9          build     12 k
DEBUG util.py:461:   perl-Term-ReadLine              noarch    5.36.1-4.xs9          build     18 k
DEBUG util.py:461:   perl-Test                       noarch    5.36.1-4.xs9          build     29 k
DEBUG util.py:461:   perl-Test-Harness               noarch    5.36.1-4.xs9          build    283 k
DEBUG util.py:461:   perl-Test-Simple                noarch    5.36.1-4.xs9          build    452 k
DEBUG util.py:461:   perl-Text-Abbrev                noarch    5.36.1-4.xs9          build     11 k
DEBUG util.py:461:   perl-Text-Balanced              noarch    5.36.1-4.xs9          build     47 k
DEBUG util.py:461:   perl-Text-ParseWords            noarch    5.36.1-4.xs9          build     15 k
DEBUG util.py:461:   perl-Text-Tabs+Wrap             noarch    5.36.1-4.xs9          build     21 k
DEBUG util.py:461:   perl-Thread                     noarch    5.36.1-4.xs9          build     17 k
DEBUG util.py:461:   perl-Thread-Queue               noarch    5.36.1-4.xs9          build     19 k
DEBUG util.py:461:   perl-Thread-Semaphore           noarch    5.36.1-4.xs9          build     15 k
DEBUG util.py:461:   perl-Tie                        noarch    5.36.1-4.xs9          build     32 k
DEBUG util.py:461:   perl-Tie-File                   noarch    5.36.1-4.xs9          build     46 k
DEBUG util.py:461:   perl-Tie-Memoize                noarch    5.36.1-4.xs9          build     13 k
DEBUG util.py:461:   perl-Tie-RefHash                noarch    5.36.1-4.xs9          build     15 k
DEBUG util.py:461:   perl-Time                       noarch    5.36.1-4.xs9          build     18 k
DEBUG util.py:461:   perl-Time-HiRes                 x86_64    5.36.1-4.xs9          build     41 k
DEBUG util.py:461:   perl-Time-Local                 noarch    5.36.1-4.xs9          build     21 k
DEBUG util.py:461:   perl-Time-Piece                 x86_64    5.36.1-4.xs9          build     44 k
DEBUG util.py:461:   perl-TimeDate                   noarch    2.33-2.xs9            build     54 k
DEBUG util.py:461:   perl-Try-Tiny                   noarch    0.31-2.xs9            build     40 k
DEBUG util.py:461:   perl-URI                        noarch    5.17-2.xs9            build    121 k
DEBUG util.py:461:   perl-Unicode-Collate            x86_64    5.36.1-4.xs9          build    864 k
DEBUG util.py:461:   perl-Unicode-Normalize          x86_64    5.36.1-4.xs9          build     74 k
DEBUG util.py:461:   perl-Unicode-UCD                noarch    5.36.1-4.xs9          build     87 k
DEBUG util.py:461:   perl-User-pwent                 noarch    5.36.1-4.xs9          build     20 k
DEBUG util.py:461:   perl-WWW-RobotRules             noarch    6.02-2.xs9            build     20 k
DEBUG util.py:461:   perl-autodie                    noarch    5.36.1-4.xs9          build     86 k
DEBUG util.py:461:   perl-autouse                    noarch    5.36.1-4.xs9          build     13 k
DEBUG util.py:461:   perl-base                       noarch    5.36.1-4.xs9          build     15 k
DEBUG util.py:461:   perl-bignum                     noarch    5.36.1-4.xs9          build     49 k
DEBUG util.py:461:   perl-blib                       noarch    5.36.1-4.xs9          build     11 k
DEBUG util.py:461:   perl-constant                   noarch    5.36.1-4.xs9          build     21 k
DEBUG util.py:461:   perl-debugger                   noarch    5.36.1-4.xs9          build    153 k
DEBUG util.py:461:   perl-deprecate                  noarch    5.36.1-4.xs9          build     13 k
DEBUG util.py:461:   perl-devel                      x86_64    5.36.1-4.xs9          build    979 k
DEBUG util.py:461:   perl-diagnostics                noarch    5.36.1-4.xs9          build    225 k
DEBUG util.py:461:   perl-doc                        noarch    5.36.1-4.xs9          build    5.3 M
DEBUG util.py:461:   perl-encoding                   x86_64    5.36.1-4.xs9          build     27 k
DEBUG util.py:461:   perl-encoding-warnings          noarch    5.36.1-4.xs9          build     16 k
DEBUG util.py:461:   perl-experimental               noarch    5.36.1-4.xs9          build     15 k
DEBUG util.py:461:   perl-fields                     noarch    5.36.1-4.xs9          build     15 k
DEBUG util.py:461:   perl-filetest                   noarch    5.36.1-4.xs9          build     14 k
DEBUG util.py:461:   perl-if                         noarch    5.36.1-4.xs9          build     13 k
DEBUG util.py:461:   perl-inc-latest                 noarch    0.500-2.xs9           build     25 k
DEBUG util.py:461:   perl-interpreter                x86_64    5.36.1-4.xs9          build     76 k
DEBUG util.py:461:   perl-less                       noarch    5.36.1-4.xs9          build     12 k
DEBUG util.py:461:   perl-lib                        x86_64    5.36.1-4.xs9          build     14 k
DEBUG util.py:461:   perl-libnet                     noarch    5.36.1-4.xs9          build    127 k
DEBUG util.py:461:   perl-libnetcfg                  noarch    5.36.1-4.xs9          build     16 k
DEBUG util.py:461:   perl-libs                       x86_64    5.36.1-4.xs9          build    2.6 M
DEBUG util.py:461:   perl-libwww-perl                noarch    6.68-2.xs9            build    225 k
DEBUG util.py:461:   perl-locale                     noarch    5.36.1-4.xs9          build     13 k
DEBUG util.py:461:   perl-macros                     noarch    5.36.1-4.xs9          build     10 k
DEBUG util.py:461:   perl-meta-notation              noarch    5.36.1-4.xs9          build    8.5 k
DEBUG util.py:461:   perl-mro                        x86_64    5.36.1-4.xs9          build     29 k
DEBUG util.py:461:   perl-open                       noarch    5.36.1-4.xs9          build     16 k
DEBUG util.py:461:   perl-overload                   noarch    5.36.1-4.xs9          build     48 k
DEBUG util.py:461:   perl-overloading                noarch    5.36.1-4.xs9          build     12 k
DEBUG util.py:461:   perl-parent                     noarch    5.36.1-4.xs9          build     12 k
DEBUG util.py:461:   perl-perlfaq                    noarch    5.36.1-4.xs9          build    398 k
DEBUG util.py:461:   perl-ph                         x86_64    5.36.1-4.xs9          build     51 k
DEBUG util.py:461:   perl-podlators                  noarch    5.36.1-4.xs9          build    106 k
DEBUG util.py:461:   perl-sigtrap                    noarch    5.36.1-4.xs9          build     15 k
DEBUG util.py:461:   perl-sort                       noarch    5.36.1-4.xs9          build     12 k
DEBUG util.py:461:   perl-srpm-macros                noarch    1-2.xs9               build    7.5 k
DEBUG util.py:461:   perl-subs                       noarch    5.36.1-4.xs9          build     10 k
DEBUG util.py:461:   perl-threads                    x86_64    5.36.1-4.xs9          build     56 k
DEBUG util.py:461:   perl-threads-shared             x86_64    5.36.1-4.xs9          build     43 k
DEBUG util.py:461:   perl-utils                      noarch    5.36.1-4.xs9          build     59 k
DEBUG util.py:461:   perl-vars                       noarch    5.36.1-4.xs9          build     12 k
DEBUG util.py:461:   perl-version                    noarch    5.36.1-4.xs9          build     40 k
DEBUG util.py:461:   perl-vmsish                     noarch    5.36.1-4.xs9          build     13 k
DEBUG util.py:461:   pkgconf                         x86_64    1.8.0-2.xs9           build     43 k
DEBUG util.py:461:   pkgconf-m4                      noarch    1.8.0-2.xs9           build     13 k
DEBUG util.py:461:   pkgconf-pkg-config              x86_64    1.8.0-2.xs9           build    8.6 k
DEBUG util.py:461:   popt                            x86_64    1.19-2.xs9            build     65 k
DEBUG util.py:461:   python-rpm-macros               noarch    3.10-3.xs9            build     16 k
DEBUG util.py:461:   python3-argcomplete             noarch    2.0.0-2.xs9           build     79 k
DEBUG util.py:461:   python3-charset-normalizer      noarch    2.1.0-5.xs9           build    104 k
DEBUG util.py:461:   python3-construct               noarch    2.10.68-2.xs9         build    171 k
DEBUG util.py:461:   python3-file-magic              noarch    5.45-1.xs9            build     20 k
DEBUG util.py:461:   python3-idna                    noarch    3.3-5.xs9             build    142 k
DEBUG util.py:461:   python3-libs                    x86_64    3.11.3-5.xs9          build     12 M
DEBUG util.py:461:   python3-pip-wheel               noarch    22.2.2-3.xs9          build    1.4 M
DEBUG util.py:461:   python3-progressbar2            noarch    3.53.2-2.xs9          build     76 k
DEBUG util.py:461:   python3-pybeam                  noarch    0.7-2.xs9             build     28 k
DEBUG util.py:461:   python3-pyparsing               noarch    3.0.7-2.xs9           build    296 k
DEBUG util.py:461:   python3-pysocks                 noarch    1.7.1-2.xs9           build     44 k
DEBUG util.py:461:   python3-pyxdg                   noarch    0.27-2.xs9            build    143 k
DEBUG util.py:461:   python3-requests                noarch    2.28.1-5.xs9          build    163 k
DEBUG util.py:461:   python3-rpm                     x86_64    4.18.0-6.xs9          build     97 k
DEBUG util.py:461:   python3-setuptools-wheel        noarch    65.5.1-3.xs9          build    721 k
DEBUG util.py:461:   python3-six                     noarch    1.16.0-2.xs9          build     47 k
DEBUG util.py:461:   python3-tomli-w                 noarch    1.0.0-2.xs9           build     21 k
DEBUG util.py:461:   python3-urllib3                 noarch    1.26.20-4.xs9         build    278 k
DEBUG util.py:461:   python3-urllib3+socks           noarch    1.26.20-4.xs9         build    8.2 k
DEBUG util.py:461:   python3-utils                   noarch    3.1.0-2.xs9           build     47 k
DEBUG util.py:461:   python3-zstandard               x86_64    0.19.0-2.xs9          build    528 k
DEBUG util.py:461:   readline                        x86_64    8.2-2.xs9             build    238 k
DEBUG util.py:461:   rpm                             x86_64    4.18.0-6.xs9          build    638 k
DEBUG util.py:461:   rpm-build-libs                  x86_64    4.18.0-6.xs9          build     96 k
DEBUG util.py:461:   rpm-libs                        x86_64    4.18.0-6.xs9          build    364 k
DEBUG util.py:461:   rpm-sign-libs                   x86_64    4.18.0-6.xs9          build     17 k
DEBUG util.py:461:   rpmdevtools                     noarch    9.6-2.xs9             build     88 k
DEBUG util.py:461:   rpmlint                         noarch    2.4.0-2.xs9           build    374 k
DEBUG util.py:461:   rpmlint-fedora-license-data     noarch    1.22-2.xs9            build     16 k
DEBUG util.py:461:   setup                           noarch    2.8.77-1.xs9          build    155 k
DEBUG util.py:461:   sqlite-libs                     x86_64    3.47.2-1.xs9          build    860 k
DEBUG util.py:461:   systemd                         x86_64    257.2-8.xs9           build    5.8 M
DEBUG util.py:461:   systemd-libs                    x86_64    257.2-8.xs9           build    963 k
DEBUG util.py:461:   systemd-pam                     x86_64    257.2-8.xs9           build    451 k
DEBUG util.py:461:   systemd-rpm-macros              noarch    257.2-8.xs9           build     14 k
DEBUG util.py:461:   systemtap-sdt-devel             x86_64    4.8-3.xs9             build     80 k
DEBUG util.py:461:   tzdata                          noarch    2024a-2.xs9           build    421 k
DEBUG util.py:461:   util-linux-core                 x86_64    2.38.1-4.xs9          build    503 k
DEBUG util.py:461:   xenserver-config                noarch    9.0.9-1.xs9           build    7.7 k
DEBUG util.py:461:   xenserver-config-rpm            noarch    9.0.9-1.xs9           build     75 k
DEBUG util.py:461:   xenserver-release               x86_64    8.99.50-11.xs9        build    126 k
DEBUG util.py:461:   xenserver-release-presets       x86_64    8.99.50-11.xs9        build     13 k
DEBUG util.py:461:   xxhash-libs                     x86_64    0.8.2-2.xs9           build     41 k
DEBUG util.py:461:   xz-libs                         x86_64    5.4.1-2.xs9           build    119 k
DEBUG util.py:461:   zlib                            x86_64    1.2.12-3.xs9          build    104 k
DEBUG util.py:461:   zstd                            x86_64    1.5.5-2.xs9           build    531 k
DEBUG util.py:461:  Installing Groups:
DEBUG util.py:461:   srpm-build                                                                    
DEBUG util.py:461:  Transaction Summary
DEBUG util.py:461:  ================================================================================
DEBUG util.py:461:  Install  415 Packages
DEBUG util.py:461:  Total download size: 194 M
DEBUG util.py:461:  Installed size: 527 M
DEBUG util.py:461:  Downloading Packages:
DEBUG util.py:461:  --------------------------------------------------------------------------------
DEBUG util.py:461:  Total                                           110 MB/s | 194 MB     00:01     
DEBUG util.py:461:  Running transaction check
DEBUG util.py:461:  Transaction check succeeded.
DEBUG util.py:461:  Running transaction test
DEBUG util.py:461:  Transaction test succeeded.
DEBUG util.py:461:  Running transaction
DEBUG util.py:461:  Creating group 'input' with GID 104.
DEBUG util.py:461:  Creating group 'kvm' with GID 36.
DEBUG util.py:461:  Creating group 'render' with GID 105.
DEBUG util.py:461:  Creating group 'sgx' with GID 106.
DEBUG util.py:461:  Creating group 'systemd-journal' with GID 190.
DEBUG util.py:461:  Creating group 'systemd-oom' with GID 999.
DEBUG util.py:461:  Creating user 'systemd-oom' (systemd Userspace OOM Killer) with UID 999 and GID 999.
DEBUG util.py:461:  Installed:
DEBUG util.py:461:    annobin-docs-12.71-1.xs9.noarch                                               
DEBUG util.py:461:    annobin-plugin-gcc-12.71-1.xs9.x86_64                                         
DEBUG util.py:461:    audit-libs-3.1.2-2.xs9.x86_64                                                 
DEBUG util.py:461:    basesystem-11-2.xs9.noarch                                                    
DEBUG util.py:461:    bash-5.2.37-1.xs9.x86_64                                                      
DEBUG util.py:461:    binutils-2.45-1.xs9.x86_64                                                    
DEBUG util.py:461:    bzip2-1.0.8-3.xs9.x86_64                                                      
DEBUG util.py:461:    bzip2-libs-1.0.8-3.xs9.x86_64                                                 
DEBUG util.py:461:    ca-certificates-2024.2.72-3.xs9.noarch                                        
DEBUG util.py:461:    coreutils-9.5-1.xs9.x86_64                                                    
DEBUG util.py:461:    coreutils-common-9.5-1.xs9.x86_64                                             
DEBUG util.py:461:    cpio-2.13-2.xs9.x86_64                                                        
DEBUG util.py:461:    cpp-12.4.0-2.xs9.x86_64                                                       
DEBUG util.py:461:    cracklib-2.9.11-3.xs9.x86_64                                                  
DEBUG util.py:461:    crypto-policies-20241128-1.xs9.noarch                                         
DEBUG util.py:461:    curl-8.11.1-2.xs9.x86_64                                                      
DEBUG util.py:461:    dash-0.5.11.5-2.xs9.x86_64                                                    
DEBUG util.py:461:    dbus-common-1.14.10-3.xs9.noarch                                              
DEBUG util.py:461:    dbus-daemon-1.14.10-3.xs9.x86_64                                              
DEBUG util.py:461:    dbus-libs-1.14.10-3.xs9.x86_64                                                
DEBUG util.py:461:    dbus-tools-1.14.10-3.xs9.x86_64                                               
DEBUG util.py:461:    debugedit-5.2-1.xs9.x86_64                                                    
DEBUG util.py:461:    diffutils-3.10-2.xs9.x86_64                                                   
DEBUG util.py:461:    dwz-0.16-1.xs9.x86_64                                                         
DEBUG util.py:461:    ed-1.19-2.xs9.x86_64                                                          
DEBUG util.py:461:    elfutils-0.193-1.xs9.x86_64                                                   
DEBUG util.py:461:    elfutils-default-yama-scope-0.193-1.xs9.noarch                                
DEBUG util.py:461:    elfutils-libelf-0.193-1.xs9.x86_64                                            
DEBUG util.py:461:    elfutils-libs-0.193-1.xs9.x86_64                                              
DEBUG util.py:461:    expat-2.5.0-2.xs9.x86_64                                                      
DEBUG util.py:461:    fakeroot-1.32.1-3.xs9.x86_64                                                  
DEBUG util.py:461:    fakeroot-libs-1.32.1-3.xs9.x86_64                                             
DEBUG util.py:461:    file-5.45-1.xs9.x86_64                                                        
DEBUG util.py:461:    file-libs-5.45-1.xs9.x86_64                                                   
DEBUG util.py:461:    filesystem-3.18-3.xs9.x86_64                                                  
DEBUG util.py:461:    findutils-4.9.0-4.xs9.x86_64                                                  
DEBUG util.py:461:    gawk-5.1.1-5.xs9.x86_64                                                       
DEBUG util.py:461:    gcc-12.4.0-2.xs9.x86_64                                                       
DEBUG util.py:461:    gcc-c++-12.4.0-2.xs9.x86_64                                                   
DEBUG util.py:461:    gdb-15.2-2.xs9.x86_64                                                         
DEBUG util.py:461:    gdbm-1.23-2.xs9.x86_64                                                        
DEBUG util.py:461:    gdbm-libs-1.23-2.xs9.x86_64                                                   
DEBUG util.py:461:    git-2.41.0-4.xs9.x86_64                                                       
DEBUG util.py:461:    git-core-2.41.0-4.xs9.x86_64                                                  
DEBUG util.py:461:    git-core-doc-2.41.0-4.xs9.noarch                                              
DEBUG util.py:461:    glibc-2.41-1.xs9.x86_64                                                       
DEBUG util.py:461:    glibc-common-2.41-1.xs9.x86_64                                                
DEBUG util.py:461:    glibc-devel-2.41-1.xs9.x86_64                                                 
DEBUG util.py:461:    glibc-langpack-en-2.41-1.xs9.x86_64                                           
DEBUG util.py:461:    glibc-minimal-langpack-2.41-1.xs9.x86_64                                      
DEBUG util.py:461:    gmp-6.2.1-3.xs9.x86_64                                                        
DEBUG util.py:461:    gnupg2-2.4.0-6.xs9.x86_64                                                     
DEBUG util.py:461:    gnutls-3.8.8-2.xs9.x86_64                                                     
DEBUG util.py:461:    go-srpm-macros-3.7.0-3.xs9.noarch                                             
DEBUG util.py:461:    grep-3.11-1.xs9.x86_64                                                        
DEBUG util.py:461:    groff-base-1.23.0-1.xs9.x86_64                                                
DEBUG util.py:461:    gzip-1.14-1.xs9.x86_64                                                        
DEBUG util.py:461:    jansson-2.14.1-1.xs9.x86_64                                                   
DEBUG util.py:461:    kernel-headers-6.6.98-5.xs9.x86_64                                            
DEBUG util.py:461:    keyutils-libs-1.6.3-2.xs9.x86_64                                              
DEBUG util.py:461:    krb5-libs-1.21.3-3.xs9.x86_64                                                 
DEBUG util.py:461:    less-633-2.xs9.x86_64                                                         
DEBUG util.py:461:    libacl-2.3.2-1.xs9.x86_64                                                     
DEBUG util.py:461:    libarchive-3.6.1-2.xs9.x86_64                                                 
DEBUG util.py:461:    libassuan-2.5.5-2.xs9.x86_64                                                  
DEBUG util.py:461:    libattr-2.5.1-2.xs9.x86_64                                                    
DEBUG util.py:461:    libb2-0.98.1-2.xs9.x86_64                                                     
DEBUG util.py:461:    libblkid-2.38.1-4.xs9.x86_64                                                  
DEBUG util.py:461:    libcap-2.48-2.xs9.x86_64                                                      
DEBUG util.py:461:    libcap-ng-0.8.3-2.xs9.x86_64                                                  
DEBUG util.py:461:    libcom_err-1.47.0-3.xs9.x86_64                                                
DEBUG util.py:461:    libcurl-8.11.1-2.xs9.x86_64                                                   
DEBUG util.py:461:    libedit-3.1-2.xs9.x86_64                                                      
DEBUG util.py:461:    libevent-2.1.12-2.xs9.x86_64                                                  
DEBUG util.py:461:    libfdisk-2.38.1-4.xs9.x86_64                                                  
DEBUG util.py:461:    libffi-3.4.4-2.xs9.x86_64                                                     
DEBUG util.py:461:    libgcc-12.4.0-2.xs9.x86_64                                                    
DEBUG util.py:461:    libgcrypt-1.11.0-1.xs9.x86_64                                                 
DEBUG util.py:461:    libgomp-12.4.0-2.xs9.x86_64                                                   
DEBUG util.py:461:    libgpg-error-1.51-3.xs9.x86_64                                                
DEBUG util.py:461:    libidn2-2.3.4-4.xs9.x86_64                                                    
DEBUG util.py:461:    libksba-1.6.3-2.xs9.x86_64                                                    
DEBUG util.py:461:    libmount-2.38.1-4.xs9.x86_64                                                  
DEBUG util.py:461:    libmpc-1.3.1-2.xs9.x86_64                                                     
DEBUG util.py:461:    libnghttp2-1.64.0-2.xs9.x86_64                                                
DEBUG util.py:461:    libpkgconf-1.8.0-2.xs9.x86_64                                                 
DEBUG util.py:461:    libpwquality-1.4.5-2.xs9.x86_64                                               
DEBUG util.py:461:    libseccomp-2.5.3-2.xs9.x86_64                                                 
DEBUG util.py:461:    libsigsegv-2.14-2.xs9.x86_64                                                  
DEBUG util.py:461:    libsmartcols-2.38.1-4.xs9.x86_64                                              
DEBUG util.py:461:    libstdc++-12.4.0-2.xs9.x86_64                                                 
DEBUG util.py:461:    libstdc++-devel-12.4.0-2.xs9.x86_64                                           
DEBUG util.py:461:    libtasn1-4.19.0-2.xs9.x86_64                                                  
DEBUG util.py:461:    libunistring-1.0-2.xs9.x86_64                                                 
DEBUG util.py:461:    libutempter-1.2.1-2.xs9.x86_64                                                
DEBUG util.py:461:    libuuid-2.38.1-4.xs9.x86_64                                                   
DEBUG util.py:461:    libverto-0.3.2-2.xs9.x86_64                                                   
DEBUG util.py:461:    libxcrypt-4.4.36-3.xs9.x86_64                                                 
DEBUG util.py:461:    libxcrypt-devel-4.4.36-3.xs9.x86_64                                           
DEBUG util.py:461:    libxml2-2.10.4-2.xs9.x86_64                                                   
DEBUG util.py:461:    libzstd-1.5.5-2.xs9.x86_64                                                    
DEBUG util.py:461:    lua-libs-5.4.4-3.xs9.x86_64                                                   
DEBUG util.py:461:    lz4-libs-1.10.0-1.xs9.x86_64                                                  
DEBUG util.py:461:    make-4.4-2.xs9.x86_64                                                         
DEBUG util.py:461:    mpdecimal-2.5.1-2.xs9.x86_64                                                  
DEBUG util.py:461:    mpfr-4.1.1-3.xs9.x86_64                                                       
DEBUG util.py:461:    ncurses-6.4-7.xs9.x86_64                                                      
DEBUG util.py:461:    ncurses-base-6.4-7.xs9.noarch                                                 
DEBUG util.py:461:    ncurses-libs-6.4-7.xs9.x86_64                                                 
DEBUG util.py:461:    nettle-3.10-1.xs9.x86_64                                                      
DEBUG util.py:461:    npth-1.6-2.xs9.x86_64                                                         
DEBUG util.py:461:    openldap-2.6.4-5.xs9.x86_64                                                   
DEBUG util.py:461:    openssh-9.9p1-1.xs9.x86_64                                                    
DEBUG util.py:461:    openssh-clients-9.9p1-1.xs9.x86_64                                            
DEBUG util.py:461:    openssl-libs-3.0.9-6.xs9.x86_64                                               
DEBUG util.py:461:    p11-kit-0.24.1-3.xs9.x86_64                                                   
DEBUG util.py:461:    p11-kit-trust-0.24.1-3.xs9.x86_64                                             
DEBUG util.py:461:    pam-1.7.0-2.xs9.x86_64                                                        
DEBUG util.py:461:    pam-libs-1.7.0-2.xs9.x86_64                                                   
DEBUG util.py:461:    patch-2.7.6-3.xs9.x86_64                                                      
DEBUG util.py:461:    pcre2-10.40-2.xs9.x86_64                                                      
DEBUG util.py:461:    pcre2-syntax-10.40-2.xs9.noarch                                               
DEBUG util.py:461:    perl-5.36.1-4.xs9.x86_64                                                      
DEBUG util.py:461:    perl-Archive-Tar-5.36.1-4.xs9.noarch                                          
DEBUG util.py:461:    perl-Attribute-Handlers-5.36.1-4.xs9.noarch                                   
DEBUG util.py:461:    perl-AutoLoader-5.36.1-4.xs9.noarch                                           
DEBUG util.py:461:    perl-AutoSplit-5.36.1-4.xs9.noarch                                            
DEBUG util.py:461:    perl-B-5.36.1-4.xs9.x86_64                                                    
DEBUG util.py:461:    perl-Benchmark-5.36.1-4.xs9.noarch                                            
DEBUG util.py:461:    perl-CPAN-5.36.1-4.xs9.noarch                                                 
DEBUG util.py:461:    perl-CPAN-Meta-5.36.1-4.xs9.noarch                                            
DEBUG util.py:461:    perl-CPAN-Meta-Requirements-5.36.1-4.xs9.noarch                               
DEBUG util.py:461:    perl-CPAN-Meta-YAML-5.36.1-4.xs9.noarch                                       
DEBUG util.py:461:    perl-Carp-5.36.1-4.xs9.noarch                                                 
DEBUG util.py:461:    perl-Class-Struct-5.36.1-4.xs9.noarch                                         
DEBUG util.py:461:    perl-Compress-Raw-Bzip2-5.36.1-4.xs9.x86_64                                   
DEBUG util.py:461:    perl-Compress-Raw-Zlib-5.36.1-4.xs9.x86_64                                    
DEBUG util.py:461:    perl-Config-Extensions-5.36.1-4.xs9.noarch                                    
DEBUG util.py:461:    perl-Config-INI-0.027-2.xs9.noarch                                            
DEBUG util.py:461:    perl-Config-Perl-V-5.36.1-4.xs9.noarch                                        
DEBUG util.py:461:    perl-Crypt-JWT-0.035-3.xs9.noarch                                             
DEBUG util.py:461:    perl-CryptX-0.078-6.xs9.x86_64                                                
DEBUG util.py:461:    perl-DBM_Filter-5.36.1-4.xs9.noarch                                           
DEBUG util.py:461:    perl-Data-Dump-1.25-2.xs9.noarch                                              
DEBUG util.py:461:    perl-Data-Dumper-5.36.1-4.xs9.x86_64                                          
DEBUG util.py:461:    perl-Data-OptList-0.112-2.xs9.noarch                                          
DEBUG util.py:461:    perl-Devel-PPPort-5.36.1-4.xs9.x86_64                                         
DEBUG util.py:461:    perl-Devel-Peek-5.36.1-4.xs9.x86_64                                           
DEBUG util.py:461:    perl-Devel-SelfStubber-5.36.1-4.xs9.noarch                                    
DEBUG util.py:461:    perl-Digest-5.36.1-4.xs9.noarch                                               
DEBUG util.py:461:    perl-Digest-HMAC-1.04-2.xs9.noarch                                            
DEBUG util.py:461:    perl-Digest-MD5-5.36.1-4.xs9.x86_64                                           
DEBUG util.py:461:    perl-Digest-SHA-5.36.1-4.xs9.x86_64                                           
DEBUG util.py:461:    perl-DirHandle-5.36.1-4.xs9.noarch                                            
DEBUG util.py:461:    perl-Dumpvalue-5.36.1-4.xs9.noarch                                            
DEBUG util.py:461:    perl-DynaLoader-5.36.1-4.xs9.x86_64                                           
DEBUG util.py:461:    perl-Encode-5.36.1-4.xs9.x86_64                                               
DEBUG util.py:461:    perl-Encode-Locale-1.05-2.xs9.noarch                                          
DEBUG util.py:461:    perl-Encode-devel-5.36.1-4.xs9.noarch                                         
DEBUG util.py:461:    perl-English-5.36.1-4.xs9.noarch                                              
DEBUG util.py:461:    perl-Env-5.36.1-4.xs9.noarch                                                  
DEBUG util.py:461:    perl-Errno-5.36.1-4.xs9.x86_64                                                
DEBUG util.py:461:    perl-Error-0.17029-2.xs9.noarch                                               
DEBUG util.py:461:    perl-Exporter-5.36.1-4.xs9.noarch                                             
DEBUG util.py:461:    perl-ExtUtils-CBuilder-5.36.1-4.xs9.noarch                                    
DEBUG util.py:461:    perl-ExtUtils-Command-7.66-2.xs9.noarch                                       
DEBUG util.py:461:    perl-ExtUtils-Constant-5.36.1-4.xs9.noarch                                    
DEBUG util.py:461:    perl-ExtUtils-Embed-5.36.1-4.xs9.noarch                                       
DEBUG util.py:461:    perl-ExtUtils-Install-5.36.1-4.xs9.noarch                                     
DEBUG util.py:461:    perl-ExtUtils-MM-Utils-7.66-2.xs9.noarch                                      
DEBUG util.py:461:    perl-ExtUtils-MakeMaker-7.66-2.xs9.noarch                                     
DEBUG util.py:461:    perl-ExtUtils-Manifest-5.36.1-4.xs9.noarch                                    
DEBUG util.py:461:    perl-ExtUtils-Miniperl-5.36.1-4.xs9.noarch                                    
DEBUG util.py:461:    perl-ExtUtils-ParseXS-5.36.1-4.xs9.noarch                                     
DEBUG util.py:461:    perl-Fcntl-5.36.1-4.xs9.x86_64                                                
DEBUG util.py:461:    perl-File-Basename-5.36.1-4.xs9.noarch                                        
DEBUG util.py:461:    perl-File-Compare-5.36.1-4.xs9.noarch                                         
DEBUG util.py:461:    perl-File-Copy-5.36.1-4.xs9.noarch                                            
DEBUG util.py:461:    perl-File-Copy-Recursive-0.45-2.xs9.noarch                                    
DEBUG util.py:461:    perl-File-DosGlob-5.36.1-4.xs9.x86_64                                         
DEBUG util.py:461:    perl-File-Fetch-5.36.1-4.xs9.noarch                                           
DEBUG util.py:461:    perl-File-Find-5.36.1-4.xs9.noarch                                            
DEBUG util.py:461:    perl-File-Listing-6.15-2.xs9.noarch                                           
DEBUG util.py:461:    perl-File-Path-5.36.1-4.xs9.noarch                                            
DEBUG util.py:461:    perl-File-Slurp-Tiny-0.004-2.xs9.noarch                                       
DEBUG util.py:461:    perl-File-Temp-5.36.1-4.xs9.noarch                                            
DEBUG util.py:461:    perl-File-stat-5.36.1-4.xs9.noarch                                            
DEBUG util.py:461:    perl-FileCache-5.36.1-4.xs9.noarch                                            
DEBUG util.py:461:    perl-FileHandle-5.36.1-4.xs9.noarch                                           
DEBUG util.py:461:    perl-Filter-5.36.1-4.xs9.x86_64                                               
DEBUG util.py:461:    perl-Filter-Simple-5.36.1-4.xs9.noarch                                        
DEBUG util.py:461:    perl-FindBin-5.36.1-4.xs9.noarch                                              
DEBUG util.py:461:    perl-GDBM_File-5.36.1-4.xs9.x86_64                                            
DEBUG util.py:461:    perl-Getopt-Long-5.36.1-4.xs9.noarch                                          
DEBUG util.py:461:    perl-Getopt-Std-5.36.1-4.xs9.noarch                                           
DEBUG util.py:461:    perl-Git-2.41.0-4.xs9.noarch                                                  
DEBUG util.py:461:    perl-HTML-Parser-3.81-2.xs9.x86_64                                            
DEBUG util.py:461:    perl-HTML-Tagset-3.20-2.xs9.noarch                                            
DEBUG util.py:461:    perl-HTTP-Cookies-6.10-2.xs9.noarch                                           
DEBUG util.py:461:    perl-HTTP-Date-6.05-2.xs9.noarch                                              
DEBUG util.py:461:    perl-HTTP-Message-6.37-2.xs9.noarch                                           
DEBUG util.py:461:    perl-HTTP-Negotiate-6.01-2.xs9.noarch                                         
DEBUG util.py:461:    perl-HTTP-Tiny-5.36.1-4.xs9.noarch                                            
DEBUG util.py:461:    perl-Hash-Util-5.36.1-4.xs9.x86_64                                            
DEBUG util.py:461:    perl-Hash-Util-FieldHash-5.36.1-4.xs9.x86_64                                  
DEBUG util.py:461:    perl-I18N-Collate-5.36.1-4.xs9.noarch                                         
DEBUG util.py:461:    perl-I18N-LangTags-5.36.1-4.xs9.noarch                                        
DEBUG util.py:461:    perl-I18N-Langinfo-5.36.1-4.xs9.x86_64                                        
DEBUG util.py:461:    perl-IO-5.36.1-4.xs9.x86_64                                                   
DEBUG util.py:461:    perl-IO-Compress-5.36.1-4.xs9.noarch                                          
DEBUG util.py:461:    perl-IO-HTML-1.004-2.xs9.noarch                                               
DEBUG util.py:461:    perl-IO-Socket-IP-5.36.1-4.xs9.noarch                                         
DEBUG util.py:461:    perl-IO-Socket-SSL-2.075-3.xs9.noarch                                         
DEBUG util.py:461:    perl-IO-Zlib-5.36.1-4.xs9.noarch                                              
DEBUG util.py:461:    perl-IPC-Cmd-5.36.1-4.xs9.noarch                                              
DEBUG util.py:461:    perl-IPC-Open3-5.36.1-4.xs9.noarch                                            
DEBUG util.py:461:    perl-IPC-SysV-5.36.1-4.xs9.x86_64                                             
DEBUG util.py:461:    perl-JSON-4.09-2.xs9.noarch                                                   
DEBUG util.py:461:    perl-JSON-PP-5.36.1-4.xs9.noarch                                              
DEBUG util.py:461:    perl-LWP-MediaTypes-6.04-2.xs9.noarch                                         
DEBUG util.py:461:    perl-LWP-Protocol-https-6.10-2.xs9.noarch                                     
DEBUG util.py:461:    perl-Locale-Maketext-5.36.1-4.xs9.noarch                                      
DEBUG util.py:461:    perl-Locale-Maketext-Simple-5.36.1-4.xs9.noarch                               
DEBUG util.py:461:    perl-MIME-Base64-5.36.1-4.xs9.x86_64                                          
DEBUG util.py:461:    perl-Math-BigInt-5.36.1-4.xs9.noarch                                          
DEBUG util.py:461:    perl-Math-BigInt-FastCalc-5.36.1-4.xs9.x86_64                                 
DEBUG util.py:461:    perl-Math-BigRat-5.36.1-4.xs9.noarch                                          
DEBUG util.py:461:    perl-Math-Complex-5.36.1-4.xs9.noarch                                         
DEBUG util.py:461:    perl-Memoize-5.36.1-4.xs9.noarch                                              
DEBUG util.py:461:    perl-Mixin-Linewise-0.110-2.xs9.noarch                                        
DEBUG util.py:461:    perl-Module-Build-0.42.31-2.xs9.noarch                                        
DEBUG util.py:461:    perl-Module-CoreList-5.36.1-4.xs9.noarch                                      
DEBUG util.py:461:    perl-Module-CoreList-tools-5.36.1-4.xs9.noarch                                
DEBUG util.py:461:    perl-Module-Load-5.36.1-4.xs9.noarch                                          
DEBUG util.py:461:    perl-Module-Load-Conditional-5.36.1-4.xs9.noarch                              
DEBUG util.py:461:    perl-Module-Loaded-5.36.1-4.xs9.noarch                                        
DEBUG util.py:461:    perl-Module-Metadata-5.36.1-4.xs9.noarch                                      
DEBUG util.py:461:    perl-Mozilla-CA-20211001-2.xs9.noarch                                         
DEBUG util.py:461:    perl-NDBM_File-5.36.1-4.xs9.x86_64                                            
DEBUG util.py:461:    perl-NEXT-5.36.1-4.xs9.noarch                                                 
DEBUG util.py:461:    perl-NTLM-1.09-2.xs9.noarch                                                   
DEBUG util.py:461:    perl-Net-5.36.1-4.xs9.noarch                                                  
DEBUG util.py:461:    perl-Net-HTTP-6.22-2.xs9.noarch                                               
DEBUG util.py:461:    perl-Net-Ping-5.36.1-4.xs9.noarch                                             
DEBUG util.py:461:    perl-Net-SSLeay-1.92-2.xs9.x86_64                                             
DEBUG util.py:461:    perl-ODBM_File-5.36.1-4.xs9.x86_64                                            
DEBUG util.py:461:    perl-Opcode-5.36.1-4.xs9.x86_64                                               
DEBUG util.py:461:    perl-POSIX-5.36.1-4.xs9.x86_64                                                
DEBUG util.py:461:    perl-Package-Generator-1.106-2.xs9.noarch                                     
DEBUG util.py:461:    perl-Params-Check-5.36.1-4.xs9.noarch                                         
DEBUG util.py:461:    perl-Params-Util-1.102-2.xs9.x86_64                                           
DEBUG util.py:461:    perl-PathTools-5.36.1-4.xs9.x86_64                                            
DEBUG util.py:461:    perl-Perl-OSType-5.36.1-4.xs9.noarch                                          
DEBUG util.py:461:    perl-Perl-Version-1.013-2.xs9.noarch                                          
DEBUG util.py:461:    perl-PerlIO-utf8_strict-0.009-2.xs9.x86_64                                    
DEBUG util.py:461:    perl-PerlIO-via-QuotedPrint-5.36.1-4.xs9.noarch                               
DEBUG util.py:461:    perl-Pod-Checker-5.36.1-4.xs9.noarch                                          
DEBUG util.py:461:    perl-Pod-Escapes-5.36.1-4.xs9.noarch                                          
DEBUG util.py:461:    perl-Pod-Functions-5.36.1-4.xs9.noarch                                        
DEBUG util.py:461:    perl-Pod-Html-5.36.1-4.xs9.noarch                                             
DEBUG util.py:461:    perl-Pod-Perldoc-5.36.1-4.xs9.noarch                                          
DEBUG util.py:461:    perl-Pod-Simple-5.36.1-4.xs9.noarch                                           
DEBUG util.py:461:    perl-Pod-Usage-5.36.1-4.xs9.noarch                                            
DEBUG util.py:461:    perl-Safe-5.36.1-4.xs9.noarch                                                 
DEBUG util.py:461:    perl-Scalar-List-Utils-5.36.1-4.xs9.x86_64                                    
DEBUG util.py:461:    perl-Search-Dict-5.36.1-4.xs9.noarch                                          
DEBUG util.py:461:    perl-SelectSaver-5.36.1-4.xs9.noarch                                          
DEBUG util.py:461:    perl-SelfLoader-5.36.1-4.xs9.noarch                                           
DEBUG util.py:461:    perl-Socket-5.36.1-4.xs9.x86_64                                               
DEBUG util.py:461:    perl-Storable-5.36.1-4.xs9.x86_64                                             
DEBUG util.py:461:    perl-Sub-Exporter-0.988-2.xs9.noarch                                          
DEBUG util.py:461:    perl-Sub-Install-0.928-2.xs9.noarch                                           
DEBUG util.py:461:    perl-Symbol-5.36.1-4.xs9.noarch                                               
DEBUG util.py:461:    perl-Sys-Hostname-5.36.1-4.xs9.x86_64                                         
DEBUG util.py:461:    perl-Sys-Syslog-5.36.1-4.xs9.x86_64                                           
DEBUG util.py:461:    perl-Term-ANSIColor-5.36.1-4.xs9.noarch                                       
DEBUG util.py:461:    perl-Term-Cap-5.36.1-4.xs9.noarch                                             
DEBUG util.py:461:    perl-Term-Complete-5.36.1-4.xs9.noarch                                        
DEBUG util.py:461:    perl-Term-ReadLine-5.36.1-4.xs9.noarch                                        
DEBUG util.py:461:    perl-Test-5.36.1-4.xs9.noarch                                                 
DEBUG util.py:461:    perl-Test-Harness-5.36.1-4.xs9.noarch                                         
DEBUG util.py:461:    perl-Test-Simple-5.36.1-4.xs9.noarch                                          
DEBUG util.py:461:    perl-Text-Abbrev-5.36.1-4.xs9.noarch                                          
DEBUG util.py:461:    perl-Text-Balanced-5.36.1-4.xs9.noarch                                        
DEBUG util.py:461:    perl-Text-ParseWords-5.36.1-4.xs9.noarch                                      
DEBUG util.py:461:    perl-Text-Tabs+Wrap-5.36.1-4.xs9.noarch                                       
DEBUG util.py:461:    perl-Thread-5.36.1-4.xs9.noarch                                               
DEBUG util.py:461:    perl-Thread-Queue-5.36.1-4.xs9.noarch                                         
DEBUG util.py:461:    perl-Thread-Semaphore-5.36.1-4.xs9.noarch                                     
DEBUG util.py:461:    perl-Tie-5.36.1-4.xs9.noarch                                                  
DEBUG util.py:461:    perl-Tie-File-5.36.1-4.xs9.noarch                                             
DEBUG util.py:461:    perl-Tie-Memoize-5.36.1-4.xs9.noarch                                          
DEBUG util.py:461:    perl-Tie-RefHash-5.36.1-4.xs9.noarch                                          
DEBUG util.py:461:    perl-Time-5.36.1-4.xs9.noarch                                                 
DEBUG util.py:461:    perl-Time-HiRes-5.36.1-4.xs9.x86_64                                           
DEBUG util.py:461:    perl-Time-Local-5.36.1-4.xs9.noarch                                           
DEBUG util.py:461:    perl-Time-Piece-5.36.1-4.xs9.x86_64                                           
DEBUG util.py:461:    perl-TimeDate-2.33-2.xs9.noarch                                               
DEBUG util.py:461:    perl-Try-Tiny-0.31-2.xs9.noarch                                               
DEBUG util.py:461:    perl-URI-5.17-2.xs9.noarch                                                    
DEBUG util.py:461:    perl-Unicode-Collate-5.36.1-4.xs9.x86_64                                      
DEBUG util.py:461:    perl-Unicode-Normalize-5.36.1-4.xs9.x86_64                                    
DEBUG util.py:461:    perl-Unicode-UCD-5.36.1-4.xs9.noarch                                          
DEBUG util.py:461:    perl-User-pwent-5.36.1-4.xs9.noarch                                           
DEBUG util.py:461:    perl-WWW-RobotRules-6.02-2.xs9.noarch                                         
DEBUG util.py:461:    perl-autodie-5.36.1-4.xs9.noarch                                              
DEBUG util.py:461:    perl-autouse-5.36.1-4.xs9.noarch                                              
DEBUG util.py:461:    perl-base-5.36.1-4.xs9.noarch                                                 
DEBUG util.py:461:    perl-bignum-5.36.1-4.xs9.noarch                                               
DEBUG util.py:461:    perl-blib-5.36.1-4.xs9.noarch                                                 
DEBUG util.py:461:    perl-constant-5.36.1-4.xs9.noarch                                             
DEBUG util.py:461:    perl-debugger-5.36.1-4.xs9.noarch                                             
DEBUG util.py:461:    perl-deprecate-5.36.1-4.xs9.noarch                                            
DEBUG util.py:461:    perl-devel-5.36.1-4.xs9.x86_64                                                
DEBUG util.py:461:    perl-diagnostics-5.36.1-4.xs9.noarch                                          
DEBUG util.py:461:    perl-doc-5.36.1-4.xs9.noarch                                                  
DEBUG util.py:461:    perl-encoding-5.36.1-4.xs9.x86_64                                             
DEBUG util.py:461:    perl-encoding-warnings-5.36.1-4.xs9.noarch                                    
DEBUG util.py:461:    perl-experimental-5.36.1-4.xs9.noarch                                         
DEBUG util.py:461:    perl-fields-5.36.1-4.xs9.noarch                                               
DEBUG util.py:461:    perl-filetest-5.36.1-4.xs9.noarch                                             
DEBUG util.py:461:    perl-if-5.36.1-4.xs9.noarch                                                   
DEBUG util.py:461:    perl-inc-latest-0.500-2.xs9.noarch                                            
DEBUG util.py:461:    perl-interpreter-5.36.1-4.xs9.x86_64                                          
DEBUG util.py:461:    perl-less-5.36.1-4.xs9.noarch                                                 
DEBUG util.py:461:    perl-lib-5.36.1-4.xs9.x86_64                                                  
DEBUG util.py:461:    perl-libnet-5.36.1-4.xs9.noarch                                               
DEBUG util.py:461:    perl-libnetcfg-5.36.1-4.xs9.noarch                                            
DEBUG util.py:461:    perl-libs-5.36.1-4.xs9.x86_64                                                 
DEBUG util.py:461:    perl-libwww-perl-6.68-2.xs9.noarch                                            
DEBUG util.py:461:    perl-locale-5.36.1-4.xs9.noarch                                               
DEBUG util.py:461:    perl-macros-5.36.1-4.xs9.noarch                                               
DEBUG util.py:461:    perl-meta-notation-5.36.1-4.xs9.noarch                                        
DEBUG util.py:461:    perl-mro-5.36.1-4.xs9.x86_64                                                  
DEBUG util.py:461:    perl-open-5.36.1-4.xs9.noarch                                                 
DEBUG util.py:461:    perl-overload-5.36.1-4.xs9.noarch                                             
DEBUG util.py:461:    perl-overloading-5.36.1-4.xs9.noarch                                          
DEBUG util.py:461:    perl-parent-5.36.1-4.xs9.noarch                                               
DEBUG util.py:461:    perl-perlfaq-5.36.1-4.xs9.noarch                                              
DEBUG util.py:461:    perl-ph-5.36.1-4.xs9.x86_64                                                   
DEBUG util.py:461:    perl-podlators-5.36.1-4.xs9.noarch                                            
DEBUG util.py:461:    perl-sigtrap-5.36.1-4.xs9.noarch                                              
DEBUG util.py:461:    perl-sort-5.36.1-4.xs9.noarch                                                 
DEBUG util.py:461:    perl-srpm-macros-1-2.xs9.noarch                                               
DEBUG util.py:461:    perl-subs-5.36.1-4.xs9.noarch                                                 
DEBUG util.py:461:    perl-threads-5.36.1-4.xs9.x86_64                                              
DEBUG util.py:461:    perl-threads-shared-5.36.1-4.xs9.x86_64                                       
DEBUG util.py:461:    perl-utils-5.36.1-4.xs9.noarch                                                
DEBUG util.py:461:    perl-vars-5.36.1-4.xs9.noarch                                                 
DEBUG util.py:461:    perl-version-5.36.1-4.xs9.noarch                                              
DEBUG util.py:461:    perl-vmsish-5.36.1-4.xs9.noarch                                               
DEBUG util.py:461:    pkgconf-1.8.0-2.xs9.x86_64                                                    
DEBUG util.py:461:    pkgconf-m4-1.8.0-2.xs9.noarch                                                 
DEBUG util.py:461:    pkgconf-pkg-config-1.8.0-2.xs9.x86_64                                         
DEBUG util.py:461:    popt-1.19-2.xs9.x86_64                                                        
DEBUG util.py:461:    pyproject-rpm-macros-1.8.0-2.xs9.noarch                                       
DEBUG util.py:461:    python-rpm-macros-3.10-3.xs9.noarch                                           
DEBUG util.py:461:    python-srpm-macros-3.10-3.xs9.noarch                                          
DEBUG util.py:461:    python3-3.11.3-5.xs9.x86_64                                                   
DEBUG util.py:461:    python3-argcomplete-2.0.0-2.xs9.noarch                                        
DEBUG util.py:461:    python3-charset-normalizer-2.1.0-5.xs9.noarch                                 
DEBUG util.py:461:    python3-construct-2.10.68-2.xs9.noarch                                        
DEBUG util.py:461:    python3-file-magic-5.45-1.xs9.noarch                                          
DEBUG util.py:461:    python3-idna-3.3-5.xs9.noarch                                                 
DEBUG util.py:461:    python3-libs-3.11.3-5.xs9.x86_64                                              
DEBUG util.py:461:    python3-pip-wheel-22.2.2-3.xs9.noarch                                         
DEBUG util.py:461:    python3-progressbar2-3.53.2-2.xs9.noarch                                      
DEBUG util.py:461:    python3-pybeam-0.7-2.xs9.noarch                                               
DEBUG util.py:461:    python3-pyparsing-3.0.7-2.xs9.noarch                                          
DEBUG util.py:461:    python3-pysocks-1.7.1-2.xs9.noarch                                            
DEBUG util.py:461:    python3-pyxdg-0.27-2.xs9.noarch                                               
DEBUG util.py:461:    python3-requests-2.28.1-5.xs9.noarch                                          
DEBUG util.py:461:    python3-rpm-4.18.0-6.xs9.x86_64                                               
DEBUG util.py:461:    python3-rpm-macros-3.10-3.xs9.noarch                                          
DEBUG util.py:461:    python3-setuptools-wheel-65.5.1-3.xs9.noarch                                  
DEBUG util.py:461:    python3-six-1.16.0-2.xs9.noarch                                               
DEBUG util.py:461:    python3-tomli-w-1.0.0-2.xs9.noarch                                            
DEBUG util.py:461:    python3-urllib3-1.26.20-4.xs9.noarch                                          
DEBUG util.py:461:    python3-urllib3+socks-1.26.20-4.xs9.noarch                                    
DEBUG util.py:461:    python3-utils-3.1.0-2.xs9.noarch                                              
DEBUG util.py:461:    python3-zstandard-0.19.0-2.xs9.x86_64                                         
DEBUG util.py:461:    readline-8.2-2.xs9.x86_64                                                     
DEBUG util.py:461:    rpm-4.18.0-6.xs9.x86_64                                                       
DEBUG util.py:461:    rpm-build-4.18.0-6.xs9.x86_64                                                 
DEBUG util.py:461:    rpm-build-libs-4.18.0-6.xs9.x86_64                                            
DEBUG util.py:461:    rpm-libs-4.18.0-6.xs9.x86_64                                                  
DEBUG util.py:461:    rpm-sign-libs-4.18.0-6.xs9.x86_64                                             
DEBUG util.py:461:    rpmdevtools-9.6-2.xs9.noarch                                                  
DEBUG util.py:461:    rpmlint-2.4.0-2.xs9.noarch                                                    
DEBUG util.py:461:    rpmlint-fedora-license-data-1.22-2.xs9.noarch                                 
DEBUG util.py:461:    sed-4.9-1.xs9.x86_64                                                          
DEBUG util.py:461:    setup-2.8.77-1.xs9.noarch                                                     
DEBUG util.py:461:    shadow-utils-4.17.0-1.xs9.x86_64                                              
DEBUG util.py:461:    sqlite-libs-3.47.2-1.xs9.x86_64                                               
DEBUG util.py:461:    systemd-257.2-8.xs9.x86_64                                                    
DEBUG util.py:461:    systemd-libs-257.2-8.xs9.x86_64                                               
DEBUG util.py:461:    systemd-pam-257.2-8.xs9.x86_64                                                
DEBUG util.py:461:    systemd-rpm-macros-257.2-8.xs9.noarch                                         
DEBUG util.py:461:    systemtap-sdt-devel-4.8-3.xs9.x86_64                                          
DEBUG util.py:461:    tar-1.35-1.xs9.x86_64                                                         
DEBUG util.py:461:    tzdata-2024a-2.xs9.noarch                                                     
DEBUG util.py:461:    unzip-6.0-2.xs9.x86_64                                                        
DEBUG util.py:461:    util-linux-2.38.1-4.xs9.x86_64                                                
DEBUG util.py:461:    util-linux-core-2.38.1-4.xs9.x86_64                                           
DEBUG util.py:461:    xenpkg-1.8.8-1.xs9.noarch                                                     
DEBUG util.py:461:    xenserver-config-9.0.9-1.xs9.noarch                                           
DEBUG util.py:461:    xenserver-config-macros-9.0.9-1.xs9.noarch                                    
DEBUG util.py:461:    xenserver-config-rpm-9.0.9-1.xs9.noarch                                       
DEBUG util.py:461:    xenserver-release-8.99.50-11.xs9.x86_64                                       
DEBUG util.py:461:    xenserver-release-presets-8.99.50-11.xs9.x86_64                               
DEBUG util.py:461:    xxhash-libs-0.8.2-2.xs9.x86_64                                                
DEBUG util.py:461:    xz-5.4.1-2.xs9.x86_64                                                         
DEBUG util.py:461:    xz-libs-5.4.1-2.xs9.x86_64                                                    
DEBUG util.py:461:    zlib-1.2.12-3.xs9.x86_64                                                      
DEBUG util.py:461:    zstd-1.5.5-2.xs9.x86_64                                                       
DEBUG util.py:461:  Complete!
DEBUG util.py:608:  Child return code was: 0
DEBUG util.py:183:  kill orphans in chroot /var/lib/mock/xs-foundations-xs9-build-95501-282678/root
DEBUG util.py:634:  child environment: None
DEBUG util.py:556:  Executing command: ['/bin/umount', '-n', '-l', '/var/lib/mock/xs-foundations-xs9-build-95501-282678/root/sys/fs/selinux'] with env {'TERM': 'vt100', 'SHELL': '/bin/sh', 'HOME': '/builddir', 'HOSTNAME': 'mock', 'PATH': '/usr/bin:/bin:/usr/sbin:/sbin', 'LANG': 'C.UTF-8'} and shell False
DEBUG util.py:608:  Child return code was: 0
DEBUG util.py:634:  child environment: None
DEBUG util.py:556:  Executing command: ['/bin/umount', '-n', '/var/lib/mock/xs-foundations-xs9-build-95501-282678/root/proc/filesystems'] with env {'TERM': 'vt100', 'SHELL': '/bin/sh', 'HOME': '/builddir', 'HOSTNAME': 'mock', 'PATH': '/usr/bin:/bin:/usr/sbin:/sbin', 'LANG': 'C.UTF-8'} and shell False
DEBUG util.py:608:  Child return code was: 0
DEBUG util.py:634:  child environment: None
DEBUG util.py:556:  Executing command: ['/bin/umount', '-n', '-l', '/var/lib/mock/xs-foundations-xs9-build-95501-282678/root/dev/pts'] with env {'TERM': 'vt100', 'SHELL': '/bin/sh', 'HOME': '/builddir', 'HOSTNAME': 'mock', 'PATH': '/usr/bin:/bin:/usr/sbin:/sbin', 'LANG': 'C.UTF-8'} and shell False
DEBUG util.py:608:  Child return code was: 0
DEBUG util.py:634:  child environment: None
DEBUG util.py:556:  Executing command: ['/bin/umount', '-n', '-l', '/var/lib/mock/xs-foundations-xs9-build-95501-282678/root/dev/shm'] with env {'TERM': 'vt100', 'SHELL': '/bin/sh', 'HOME': '/builddir', 'HOSTNAME': 'mock', 'PATH': '/usr/bin:/bin:/usr/sbin:/sbin', 'LANG': 'C.UTF-8'} and shell False
DEBUG util.py:608:  Child return code was: 0
DEBUG util.py:634:  child environment: None
DEBUG util.py:556:  Executing command: ['/bin/umount', '-n', '-l', '/var/lib/mock/xs-foundations-xs9-build-95501-282678/root/sys'] with env {'TERM': 'vt100', 'SHELL': '/bin/sh', 'HOME': '/builddir', 'HOSTNAME': 'mock', 'PATH': '/usr/bin:/bin:/usr/sbin:/sbin', 'LANG': 'C.UTF-8'} and shell False
DEBUG util.py:608:  Child return code was: 0
DEBUG util.py:634:  child environment: None
DEBUG util.py:556:  Executing command: ['/bin/umount', '-n', '-l', '/var/lib/mock/xs-foundations-xs9-build-95501-282678/root/sys'] with env {'TERM': 'vt100', 'SHELL': '/bin/sh', 'HOME': '/builddir', 'HOSTNAME': 'mock', 'PATH': '/usr/bin:/bin:/usr/sbin:/sbin', 'LANG': 'C.UTF-8'} and shell False
DEBUG util.py:608:  Child return code was: 0
DEBUG util.py:634:  child environment: None
DEBUG util.py:556:  Executing command: ['/bin/umount', '-n', '-l', '/var/lib/mock/xs-foundations-xs9-build-95501-282678/root/proc'] with env {'TERM': 'vt100', 'SHELL': '/bin/sh', 'HOME': '/builddir', 'HOSTNAME': 'mock', 'PATH': '/usr/bin:/bin:/usr/sbin:/sbin', 'LANG': 'C.UTF-8'} and shell False
DEBUG util.py:608:  Child return code was: 0
DEBUG util.py:634:  child environment: None
DEBUG util.py:556:  Executing command: ['/bin/umount', '-n', '-l', '/var/lib/mock/xs-foundations-xs9-build-95501-282678/root/proc'] with env {'TERM': 'vt100', 'SHELL': '/bin/sh', 'HOME': '/builddir', 'HOSTNAME': 'mock', 'PATH': '/usr/bin:/bin:/usr/sbin:/sbin', 'LANG': 'C.UTF-8'} and shell False
DEBUG util.py:608:  Child return code was: 0
DEBUG file_util.py:30:  touching file: /var/lib/mock/xs-foundations-xs9-build-95501-282678/root/etc/os-release
DEBUG file_util.py:18:  ensuring that dir exists: /var/lib/mock/xs-foundations-xs9-build-95501-282678/root/builddir/build
DEBUG file_util.py:21:  created dir: /var/lib/mock/xs-foundations-xs9-build-95501-282678/root/builddir/build
DEBUG file_util.py:18:  ensuring that dir exists: /var/lib/mock/xs-foundations-xs9-build-95501-282678/root/builddir/build/RPMS
DEBUG file_util.py:21:  created dir: /var/lib/mock/xs-foundations-xs9-build-95501-282678/root/builddir/build/RPMS
DEBUG file_util.py:18:  ensuring that dir exists: /var/lib/mock/xs-foundations-xs9-build-95501-282678/root/builddir/build/SPECS
DEBUG file_util.py:21:  created dir: /var/lib/mock/xs-foundations-xs9-build-95501-282678/root/builddir/build/SPECS
DEBUG file_util.py:18:  ensuring that dir exists: /var/lib/mock/xs-foundations-xs9-build-95501-282678/root/builddir/build/SRPMS
DEBUG file_util.py:21:  created dir: /var/lib/mock/xs-foundations-xs9-build-95501-282678/root/builddir/build/SRPMS
DEBUG file_util.py:18:  ensuring that dir exists: /var/lib/mock/xs-foundations-xs9-build-95501-282678/root/builddir/build/SOURCES
DEBUG file_util.py:21:  created dir: /var/lib/mock/xs-foundations-xs9-build-95501-282678/root/builddir/build/SOURCES
DEBUG file_util.py:18:  ensuring that dir exists: /var/lib/mock/xs-foundations-xs9-build-95501-282678/root/builddir/build/BUILD
DEBUG file_util.py:21:  created dir: /var/lib/mock/xs-foundations-xs9-build-95501-282678/root/builddir/build/BUILD
DEBUG file_util.py:18:  ensuring that dir exists: /var/lib/mock/xs-foundations-xs9-build-95501-282678/root/builddir/build/BUILDROOT
DEBUG file_util.py:21:  created dir: /var/lib/mock/xs-foundations-xs9-build-95501-282678/root/builddir/build/BUILDROOT
DEBUG file_util.py:18:  ensuring that dir exists: /var/lib/mock/xs-foundations-xs9-build-95501-282678/root/builddir/build/originals
DEBUG file_util.py:21:  created dir: /var/lib/mock/xs-foundations-xs9-build-95501-282678/root/builddir/build/originals
DEBUG file_util.py:18:  ensuring that dir exists: /var/lib/mock/xs-foundations-xs9-build-95501-282678/root/builddir
DEBUG util.py:634:  child environment: None
DEBUG util.py:556:  Executing command: ['userdel', '-f', 'mockbuild', '--prefix', '/var/lib/mock/xs-foundations-xs9-build-95501-282678/root'] with env {'TERM': 'vt100', 'SHELL': '/bin/sh', 'HOME': '/builddir', 'HOSTNAME': 'mock', 'PATH': '/usr/bin:/bin:/usr/sbin:/sbin', 'LANG': 'C.UTF-8'} and shell False
DEBUG util.py:459:  userdel: user 'mockbuild' does not exist
DEBUG util.py:608:  Child return code was: 6
DEBUG util.py:634:  child environment: None
DEBUG util.py:556:  Executing command: ['groupdel', 'mock', '--prefix', '/var/lib/mock/xs-foundations-xs9-build-95501-282678/root'] with env {'TERM': 'vt100', 'SHELL': '/bin/sh', 'HOME': '/builddir', 'HOSTNAME': 'mock', 'PATH': '/usr/bin:/bin:/usr/sbin:/sbin', 'LANG': 'C.UTF-8'} and shell False
DEBUG util.py:459:  groupdel: group 'mock' does not exist
DEBUG util.py:608:  Child return code was: 6
DEBUG util.py:634:  child environment: None
DEBUG util.py:556:  Executing command: ['groupadd', 'mock', '-g', '135', '--prefix', '/var/lib/mock/xs-foundations-xs9-build-95501-282678/root'] with env {'TERM': 'vt100', 'SHELL': '/bin/sh', 'HOME': '/builddir', 'HOSTNAME': 'mock', 'PATH': '/usr/bin:/bin:/usr/sbin:/sbin', 'LANG': 'C.UTF-8'} and shell False
DEBUG util.py:608:  Child return code was: 0
DEBUG util.py:634:  child environment: None
DEBUG util.py:556:  Executing command: ['useradd', 'mockbuild', '-o', '-u', '995', '-g', '135', '-N', '-d', '/builddir', '--prefix', '/var/lib/mock/xs-foundations-xs9-build-95501-282678/root'] with env {'TERM': 'vt100', 'SHELL': '/bin/sh', 'HOME': '/builddir', 'HOSTNAME': 'mock', 'PATH': '/usr/bin:/bin:/usr/sbin:/sbin', 'LANG': 'C.UTF-8'} and shell False
DEBUG util.py:459:  useradd warning: mockbuild's uid 995 outside of the UID_MIN 1000 and UID_MAX 60000 range.
DEBUG util.py:459:  useradd: warning: the home directory /builddir already exists.
DEBUG util.py:459:  useradd: Not copying any file from skel directory into it.
DEBUG util.py:608:  Child return code was: 0
DEBUG file_util.py:30:  touching file: /var/lib/mock/xs-foundations-xs9-build-95501-282678/root/.initialized
DEBUG file_util.py:18:  ensuring that dir exists: /run/xssign
DEBUG file_util.py:18:  ensuring that dir exists: /var/lib/mock/xs-foundations-xs9-build-95501-282678/root/bind/mount/xssign/
DEBUG file_util.py:21:  created dir: /var/lib/mock/xs-foundations-xs9-build-95501-282678/root/bind/mount/xssign/
DEBUG file_util.py:18:  ensuring that dir exists: /etc/kojid/scmcredentials
DEBUG file_util.py:18:  ensuring that dir exists: /var/lib/mock/xs-foundations-xs9-build-95501-282678/root/credentials
DEBUG file_util.py:21:  created dir: /var/lib/mock/xs-foundations-xs9-build-95501-282678/root/credentials
DEBUG file_util.py:18:  ensuring that dir exists: /var/lib/mock/xs-foundations-xs9-build-95501-282678/root/bind/mount/xssign/
DEBUG util.py:634:  child environment: None
DEBUG util.py:556:  Executing command: ['/bin/mount', '-n', '-o', 'bind', '/run/xssign', '/var/lib/mock/xs-foundations-xs9-build-95501-282678/root/bind/mount/xssign/'] with env {'TERM': 'vt100', 'SHELL': '/bin/sh', 'HOME': '/builddir', 'HOSTNAME': 'mock', 'PATH': '/usr/bin:/bin:/usr/sbin:/sbin', 'LANG': 'C.UTF-8'} and shell False
DEBUG util.py:608:  Child return code was: 0
DEBUG file_util.py:18:  ensuring that dir exists: /var/lib/mock/xs-foundations-xs9-build-95501-282678/root/credentials
DEBUG util.py:634:  child environment: None
DEBUG util.py:556:  Executing command: ['/bin/mount', '-n', '-o', 'bind', '/etc/kojid/scmcredentials', '/var/lib/mock/xs-foundations-xs9-build-95501-282678/root/credentials'] with env {'TERM': 'vt100', 'SHELL': '/bin/sh', 'HOME': '/builddir', 'HOSTNAME': 'mock', 'PATH': '/usr/bin:/bin:/usr/sbin:/sbin', 'LANG': 'C.UTF-8'} and shell False
DEBUG util.py:608:  Child return code was: 0
DEBUG util.py:634:  child environment: None
DEBUG util.py:556:  Executing command: ['/bin/rpm', '-qa', '--root', '/var/lib/mock/xs-foundations-xs9-build-95501-282678/root'] with env {'TERM': 'vt100', 'SHELL': '/bin/sh', 'HOME': '/builddir', 'HOSTNAME': 'mock', 'PATH': '/usr/bin:/bin:/usr/sbin:/sbin', 'LANG': 'C.UTF-8'} and shell False
DEBUG util.py:461:  libgcc-12.4.0-2.xs9.x86_64
DEBUG util.py:461:  tzdata-2024a-2.xs9.noarch
DEBUG util.py:461:  xenserver-release-presets-8.99.50-11.xs9.x86_64
DEBUG util.py:461:  xenserver-config-9.0.9-1.xs9.noarch
DEBUG util.py:461:  python3-setuptools-wheel-65.5.1-3.xs9.noarch
DEBUG util.py:461:  pkgconf-m4-1.8.0-2.xs9.noarch
DEBUG util.py:461:  perl-srpm-macros-1-2.xs9.noarch
DEBUG util.py:461:  pcre2-syntax-10.40-2.xs9.noarch
DEBUG util.py:461:  ncurses-base-6.4-7.xs9.noarch
DEBUG util.py:461:  kernel-headers-6.6.98-5.xs9.x86_64
DEBUG util.py:461:  coreutils-common-9.5-1.xs9.x86_64
DEBUG util.py:461:  libuuid-2.38.1-4.xs9.x86_64
DEBUG util.py:461:  python3-pip-wheel-22.2.2-3.xs9.noarch
DEBUG util.py:461:  libtasn1-4.19.0-2.xs9.x86_64
DEBUG util.py:461:  pcre2-10.40-2.xs9.x86_64
DEBUG util.py:461:  python3-libs-3.11.3-5.xs9.x86_64
DEBUG util.py:461:  findutils-4.9.0-4.xs9.x86_64
DEBUG util.py:461:  p11-kit-0.24.1-3.xs9.x86_64
DEBUG util.py:461:  sed-4.9-1.xs9.x86_64
DEBUG util.py:461:  crypto-policies-20241128-1.xs9.noarch
DEBUG util.py:461:  glibc-langpack-en-2.41-1.xs9.x86_64
DEBUG util.py:461:  glibc-minimal-langpack-2.41-1.xs9.x86_64
DEBUG util.py:461:  glibc-common-2.41-1.xs9.x86_64
DEBUG util.py:461:  grep-3.11-1.xs9.x86_64
DEBUG util.py:461:  coreutils-9.5-1.xs9.x86_64
DEBUG util.py:461:  p11-kit-trust-0.24.1-3.xs9.x86_64
DEBUG util.py:461:  bash-5.2.37-1.xs9.x86_64
DEBUG util.py:461:  setup-2.8.77-1.xs9.noarch
DEBUG util.py:461:  filesystem-3.18-3.xs9.x86_64
DEBUG util.py:461:  basesystem-11-2.xs9.noarch
DEBUG util.py:461:  glibc-2.41-1.xs9.x86_64
DEBUG util.py:461:  zlib-1.2.12-3.xs9.x86_64
DEBUG util.py:461:  python3-3.11.3-5.xs9.x86_64
DEBUG util.py:461:  bzip2-libs-1.0.8-3.xs9.x86_64
DEBUG util.py:461:  xz-libs-5.4.1-2.xs9.x86_64
DEBUG util.py:461:  gmp-6.2.1-3.xs9.x86_64
DEBUG util.py:461:  ncurses-libs-6.4-7.xs9.x86_64
DEBUG util.py:461:  libcap-2.48-2.xs9.x86_64
DEBUG util.py:461:  libxcrypt-4.4.36-3.xs9.x86_64
DEBUG util.py:461:  readline-8.2-2.xs9.x86_64
DEBUG util.py:461:  sqlite-libs-3.47.2-1.xs9.x86_64
DEBUG util.py:461:  gdbm-libs-1.23-2.xs9.x86_64
DEBUG util.py:461:  expat-2.5.0-2.xs9.x86_64
DEBUG util.py:461:  libattr-2.5.1-2.xs9.x86_64
DEBUG util.py:461:  libacl-2.3.2-1.xs9.x86_64
DEBUG util.py:461:  libffi-3.4.4-2.xs9.x86_64
DEBUG util.py:461:  ca-certificates-2024.2.72-3.xs9.noarch
DEBUG util.py:461:  openssl-libs-3.0.9-6.xs9.x86_64
DEBUG util.py:461:  libgomp-12.4.0-2.xs9.x86_64
DEBUG util.py:461:  xenserver-release-8.99.50-11.xs9.x86_64
DEBUG util.py:461:  libb2-0.98.1-2.xs9.x86_64
DEBUG util.py:461:  mpdecimal-2.5.1-2.xs9.x86_64
DEBUG util.py:461:  libzstd-1.5.5-2.xs9.x86_64
DEBUG util.py:461:  elfutils-libelf-0.193-1.xs9.x86_64
DEBUG util.py:461:  libstdc++-12.4.0-2.xs9.x86_64
DEBUG util.py:461:  mpfr-4.1.1-3.xs9.x86_64
DEBUG util.py:461:  popt-1.19-2.xs9.x86_64
DEBUG util.py:461:  systemd-libs-257.2-8.xs9.x86_64
DEBUG util.py:461:  libblkid-2.38.1-4.xs9.x86_64
DEBUG util.py:461:  python3-six-1.16.0-2.xs9.noarch
DEBUG util.py:461:  file-libs-5.45-1.xs9.x86_64
DEBUG util.py:461:  gzip-1.14-1.xs9.x86_64
DEBUG util.py:461:  libgpg-error-1.51-3.xs9.x86_64
DEBUG util.py:461:  lua-libs-5.4.4-3.xs9.x86_64
DEBUG util.py:461:  libmount-2.38.1-4.xs9.x86_64
DEBUG util.py:461:  libmpc-1.3.1-2.xs9.x86_64
DEBUG util.py:461:  xz-5.4.1-2.xs9.x86_64
DEBUG util.py:461:  diffutils-3.10-2.xs9.x86_64
DEBUG util.py:461:  libcap-ng-0.8.3-2.xs9.x86_64
DEBUG util.py:461:  audit-libs-3.1.2-2.xs9.x86_64
DEBUG util.py:461:  pam-libs-1.7.0-2.xs9.x86_64
DEBUG util.py:461:  shadow-utils-4.17.0-1.xs9.x86_64
DEBUG util.py:461:  file-5.45-1.xs9.x86_64
DEBUG util.py:461:  libfdisk-2.38.1-4.xs9.x86_64
DEBUG util.py:461:  dbus-libs-1.14.10-3.xs9.x86_64
DEBUG util.py:461:  bzip2-1.0.8-3.xs9.x86_64
DEBUG util.py:461:  python3-idna-3.3-5.xs9.noarch
DEBUG util.py:461:  libsmartcols-2.38.1-4.xs9.x86_64
DEBUG util.py:461:  util-linux-core-2.38.1-4.xs9.x86_64
DEBUG util.py:461:  libunistring-1.0-2.xs9.x86_64
DEBUG util.py:461:  libidn2-2.3.4-4.xs9.x86_64
DEBUG util.py:461:  lz4-libs-1.10.0-1.xs9.x86_64
DEBUG util.py:461:  make-4.4-2.xs9.x86_64
DEBUG util.py:461:  zstd-1.5.5-2.xs9.x86_64
DEBUG util.py:461:  dbus-tools-1.14.10-3.xs9.x86_64
DEBUG util.py:461:  libutempter-1.2.1-2.xs9.x86_64
DEBUG util.py:461:  cpp-12.4.0-2.xs9.x86_64
DEBUG util.py:461:  libassuan-2.5.5-2.xs9.x86_64
DEBUG util.py:461:  libgcrypt-1.11.0-1.xs9.x86_64
DEBUG util.py:461:  libksba-1.6.3-2.xs9.x86_64
DEBUG util.py:461:  cracklib-2.9.11-3.xs9.x86_64
DEBUG util.py:461:  libpwquality-1.4.5-2.xs9.x86_64
DEBUG util.py:461:  python3-file-magic-5.45-1.xs9.noarch
DEBUG util.py:461:  python3-construct-2.10.68-2.xs9.noarch
DEBUG util.py:461:  python3-pybeam-0.7-2.xs9.noarch
DEBUG util.py:461:  groff-base-1.23.0-1.xs9.x86_64
DEBUG util.py:461:  libstdc++-devel-12.4.0-2.xs9.x86_64
DEBUG util.py:461:  dwz-0.16-1.xs9.x86_64
DEBUG util.py:461:  libevent-2.1.12-2.xs9.x86_64
DEBUG util.py:461:  openldap-2.6.4-5.xs9.x86_64
DEBUG util.py:461:  tar-1.35-1.xs9.x86_64
DEBUG util.py:461:  gdbm-1.23-2.xs9.x86_64
DEBUG util.py:461:  pam-1.7.0-2.xs9.x86_64
DEBUG util.py:461:  util-linux-2.38.1-4.xs9.x86_64
DEBUG util.py:461:  openssh-9.9p1-1.xs9.x86_64
DEBUG util.py:461:  less-633-2.xs9.x86_64
DEBUG util.py:461:  libedit-3.1-2.xs9.x86_64
DEBUG util.py:461:  ncurses-6.4-7.xs9.x86_64
DEBUG util.py:461:  perl-Class-Struct-5.36.1-4.xs9.noarch
DEBUG util.py:461:  perl-locale-5.36.1-4.xs9.noarch
DEBUG util.py:461:  perl-Socket-5.36.1-4.xs9.x86_64
DEBUG util.py:461:  perl-SelectSaver-5.36.1-4.xs9.noarch
DEBUG util.py:461:  perl-Term-ANSIColor-5.36.1-4.xs9.noarch
DEBUG util.py:461:  perl-Text-Tabs+Wrap-5.36.1-4.xs9.noarch
DEBUG util.py:461:  perl-if-5.36.1-4.xs9.noarch
DEBUG util.py:461:  perl-POSIX-5.36.1-4.xs9.x86_64
DEBUG util.py:461:  perl-mro-5.36.1-4.xs9.x86_64
DEBUG util.py:461:  perl-File-stat-5.36.1-4.xs9.noarch
DEBUG util.py:461:  perl-overloading-5.36.1-4.xs9.noarch
DEBUG util.py:461:  perl-Time-Local-5.36.1-4.xs9.noarch
DEBUG util.py:461:  perl-subs-5.36.1-4.xs9.noarch
DEBUG util.py:461:  perl-File-Path-5.36.1-4.xs9.noarch
DEBUG util.py:461:  perl-Pod-Escapes-5.36.1-4.xs9.noarch
DEBUG util.py:461:  perl-Term-Cap-5.36.1-4.xs9.noarch
DEBUG util.py:461:  perl-Pod-Usage-5.36.1-4.xs9.noarch
DEBUG util.py:461:  perl-Errno-5.36.1-4.xs9.x86_64
DEBUG util.py:461:  perl-Fcntl-5.36.1-4.xs9.x86_64
DEBUG util.py:461:  perl-File-Basename-5.36.1-4.xs9.noarch
DEBUG util.py:461:  perl-Getopt-Std-5.36.1-4.xs9.noarch
DEBUG util.py:461:  perl-MIME-Base64-5.36.1-4.xs9.x86_64
DEBUG util.py:461:  perl-Scalar-List-Utils-5.36.1-4.xs9.x86_64
DEBUG util.py:461:  perl-Symbol-5.36.1-4.xs9.noarch
DEBUG util.py:461:  perl-Text-ParseWords-5.36.1-4.xs9.noarch
DEBUG util.py:461:  perl-constant-5.36.1-4.xs9.noarch
DEBUG util.py:461:  perl-IPC-Open3-5.36.1-4.xs9.noarch
DEBUG util.py:461:  perl-Storable-5.36.1-4.xs9.x86_64
DEBUG util.py:461:  perl-IO-5.36.1-4.xs9.x86_64
DEBUG util.py:461:  perl-overload-5.36.1-4.xs9.noarch
DEBUG util.py:461:  perl-HTTP-Tiny-5.36.1-4.xs9.noarch
DEBUG util.py:461:  perl-parent-5.36.1-4.xs9.noarch
DEBUG util.py:461:  perl-File-Temp-5.36.1-4.xs9.noarch
DEBUG util.py:461:  perl-vars-5.36.1-4.xs9.noarch
DEBUG util.py:461:  perl-Pod-Simple-5.36.1-4.xs9.noarch
DEBUG util.py:461:  perl-Getopt-Long-5.36.1-4.xs9.noarch
DEBUG util.py:461:  perl-podlators-5.36.1-4.xs9.noarch
DEBUG util.py:461:  perl-Carp-5.36.1-4.xs9.noarch
DEBUG util.py:461:  perl-Exporter-5.36.1-4.xs9.noarch
DEBUG util.py:461:  perl-GDBM_File-5.36.1-4.xs9.x86_64
DEBUG util.py:461:  perl-NDBM_File-5.36.1-4.xs9.x86_64
DEBUG util.py:461:  perl-ODBM_File-5.36.1-4.xs9.x86_64
DEBUG util.py:461:  perl-PathTools-5.36.1-4.xs9.x86_64
DEBUG util.py:461:  perl-DynaLoader-5.36.1-4.xs9.x86_64
DEBUG util.py:461:  perl-Encode-5.36.1-4.xs9.x86_64
DEBUG util.py:461:  perl-libs-5.36.1-4.xs9.x86_64
DEBUG util.py:461:  perl-Pod-Perldoc-5.36.1-4.xs9.noarch
DEBUG util.py:461:  perl-doc-5.36.1-4.xs9.noarch
DEBUG util.py:461:  perl-interpreter-5.36.1-4.xs9.x86_64
DEBUG util.py:461:  perl-base-5.36.1-4.xs9.noarch
DEBUG util.py:461:  perl-File-Find-5.36.1-4.xs9.noarch
DEBUG util.py:461:  perl-File-Copy-5.36.1-4.xs9.noarch
DEBUG util.py:461:  perl-Data-Dumper-5.36.1-4.xs9.x86_64
DEBUG util.py:461:  perl-B-5.36.1-4.xs9.x86_64
DEBUG util.py:461:  perl-version-5.36.1-4.xs9.noarch
DEBUG util.py:461:  perl-FileHandle-5.36.1-4.xs9.noarch
DEBUG util.py:461:  perl-Math-BigInt-5.36.1-4.xs9.noarch
DEBUG util.py:461:  perl-Compress-Raw-Zlib-5.36.1-4.xs9.x86_64
DEBUG util.py:461:  perl-lib-5.36.1-4.xs9.x86_64
DEBUG util.py:461:  perl-threads-shared-5.36.1-4.xs9.x86_64
DEBUG util.py:461:  perl-ExtUtils-Manifest-5.36.1-4.xs9.noarch
DEBUG util.py:461:  perl-IO-Socket-IP-5.36.1-4.xs9.noarch
DEBUG util.py:461:  perl-libnet-5.36.1-4.xs9.noarch
DEBUG util.py:461:  perl-URI-5.17-2.xs9.noarch
DEBUG util.py:461:  perl-ExtUtils-ParseXS-5.36.1-4.xs9.noarch
DEBUG util.py:461:  perl-File-Compare-5.36.1-4.xs9.noarch
DEBUG util.py:461:  perl-Time-HiRes-5.36.1-4.xs9.x86_64
DEBUG util.py:461:  perl-JSON-PP-5.36.1-4.xs9.noarch
DEBUG util.py:461:  perl-Module-Metadata-5.36.1-4.xs9.noarch
DEBUG util.py:461:  perl-CPAN-Meta-Requirements-5.36.1-4.xs9.noarch
DEBUG util.py:461:  perl-Devel-Peek-5.36.1-4.xs9.x86_64
DEBUG util.py:461:  perl-Digest-5.36.1-4.xs9.noarch
DEBUG util.py:461:  perl-Digest-MD5-5.36.1-4.xs9.x86_64
DEBUG util.py:461:  perl-Digest-SHA-5.36.1-4.xs9.x86_64
DEBUG util.py:461:  perl-Filter-5.36.1-4.xs9.x86_64
DEBUG util.py:461:  perl-Perl-OSType-5.36.1-4.xs9.noarch
DEBUG util.py:461:  perl-Term-ReadLine-5.36.1-4.xs9.noarch
DEBUG util.py:461:  perl-Tie-5.36.1-4.xs9.noarch
DEBUG util.py:461:  perl-Unicode-Normalize-5.36.1-4.xs9.x86_64
DEBUG util.py:461:  perl-meta-notation-5.36.1-4.xs9.noarch
DEBUG util.py:461:  perl-threads-5.36.1-4.xs9.x86_64
DEBUG util.py:461:  perl-encoding-5.36.1-4.xs9.x86_64
DEBUG util.py:461:  perl-Dumpvalue-5.36.1-4.xs9.noarch
DEBUG util.py:461:  perl-Net-Ping-5.36.1-4.xs9.noarch
DEBUG util.py:461:  perl-JSON-4.09-2.xs9.noarch
DEBUG util.py:461:  perl-Math-BigRat-5.36.1-4.xs9.noarch
DEBUG util.py:461:  perl-Module-CoreList-5.36.1-4.xs9.noarch
DEBUG util.py:461:  perl-CPAN-Meta-YAML-5.36.1-4.xs9.noarch
DEBUG util.py:461:  perl-CPAN-Meta-5.36.1-4.xs9.noarch
DEBUG util.py:461:  perl-Sub-Install-0.928-2.xs9.noarch
DEBUG util.py:461:  perl-ExtUtils-Constant-5.36.1-4.xs9.noarch
DEBUG util.py:461:  perl-ExtUtils-Command-7.66-2.xs9.noarch
DEBUG util.py:461:  perl-Pod-Html-5.36.1-4.xs9.noarch
DEBUG util.py:461:  perl-AutoLoader-5.36.1-4.xs9.noarch
DEBUG util.py:461:  perl-AutoSplit-5.36.1-4.xs9.noarch
DEBUG util.py:461:  perl-Benchmark-5.36.1-4.xs9.noarch
DEBUG util.py:461:  perl-Test-Harness-5.36.1-4.xs9.noarch
DEBUG util.py:461:  perl-Compress-Raw-Bzip2-5.36.1-4.xs9.x86_64
DEBUG util.py:461:  perl-IO-Compress-5.36.1-4.xs9.noarch
DEBUG util.py:461:  perl-IO-Zlib-5.36.1-4.xs9.noarch
DEBUG util.py:461:  perl-Archive-Tar-5.36.1-4.xs9.noarch
DEBUG util.py:461:  perl-Devel-PPPort-5.36.1-4.xs9.x86_64
DEBUG util.py:461:  perl-DirHandle-5.36.1-4.xs9.noarch
DEBUG util.py:461:  perl-ExtUtils-MM-Utils-7.66-2.xs9.noarch
DEBUG util.py:461:  perl-Hash-Util-FieldHash-5.36.1-4.xs9.x86_64
DEBUG util.py:461:  perl-Hash-Util-5.36.1-4.xs9.x86_64
DEBUG util.py:461:  perl-I18N-LangTags-5.36.1-4.xs9.noarch
DEBUG util.py:461:  perl-Locale-Maketext-5.36.1-4.xs9.noarch
DEBUG util.py:461:  perl-Locale-Maketext-Simple-5.36.1-4.xs9.noarch
DEBUG util.py:461:  perl-Params-Check-5.36.1-4.xs9.noarch
DEBUG util.py:461:  perl-I18N-Langinfo-5.36.1-4.xs9.x86_64
DEBUG util.py:461:  perl-Encode-Locale-1.05-2.xs9.noarch
DEBUG util.py:461:  perl-LWP-MediaTypes-6.04-2.xs9.noarch
DEBUG util.py:461:  perl-Module-Load-5.36.1-4.xs9.noarch
DEBUG util.py:461:  perl-Module-Load-Conditional-5.36.1-4.xs9.noarch
DEBUG util.py:461:  perl-IPC-Cmd-5.36.1-4.xs9.noarch
DEBUG util.py:461:  perl-Opcode-5.36.1-4.xs9.x86_64
DEBUG util.py:461:  perl-Safe-5.36.1-4.xs9.noarch
DEBUG util.py:461:  perl-Params-Util-1.102-2.xs9.x86_64
DEBUG util.py:461:  perl-SelfLoader-5.36.1-4.xs9.noarch
DEBUG util.py:461:  perl-Sys-Hostname-5.36.1-4.xs9.x86_64
DEBUG util.py:461:  perl-Text-Balanced-5.36.1-4.xs9.noarch
DEBUG util.py:461:  perl-Tie-RefHash-5.36.1-4.xs9.noarch
DEBUG util.py:461:  perl-User-pwent-5.36.1-4.xs9.noarch
DEBUG util.py:461:  perl-autouse-5.36.1-4.xs9.noarch
DEBUG util.py:461:  perl-autodie-5.36.1-4.xs9.noarch
DEBUG util.py:461:  perl-Filter-Simple-5.36.1-4.xs9.noarch
DEBUG util.py:461:  perl-Devel-SelfStubber-5.36.1-4.xs9.noarch
DEBUG util.py:461:  perl-Data-OptList-0.112-2.xs9.noarch
DEBUG util.py:461:  perl-File-Fetch-5.36.1-4.xs9.noarch
DEBUG util.py:461:  perl-fields-5.36.1-4.xs9.noarch
DEBUG util.py:461:  perl-DBM_Filter-5.36.1-4.xs9.noarch
DEBUG util.py:461:  perl-Net-SSLeay-1.92-2.xs9.x86_64
DEBUG util.py:461:  perl-IO-Socket-SSL-2.075-3.xs9.noarch
DEBUG util.py:461:  perl-Net-HTTP-6.22-2.xs9.noarch
DEBUG util.py:461:  perl-Module-CoreList-tools-5.36.1-4.xs9.noarch
DEBUG util.py:461:  perl-bignum-5.36.1-4.xs9.noarch
DEBUG util.py:461:  perl-open-5.36.1-4.xs9.noarch
DEBUG util.py:461:  perl-Thread-5.36.1-4.xs9.noarch
DEBUG util.py:461:  perl-debugger-5.36.1-4.xs9.noarch
DEBUG util.py:461:  perl-sigtrap-5.36.1-4.xs9.noarch
DEBUG util.py:461:  perl-Unicode-Collate-5.36.1-4.xs9.x86_64
DEBUG util.py:461:  perl-Unicode-UCD-5.36.1-4.xs9.noarch
DEBUG util.py:461:  perl-Env-5.36.1-4.xs9.noarch
DEBUG util.py:461:  perl-Digest-HMAC-1.04-2.xs9.noarch
DEBUG util.py:461:  perl-NTLM-1.09-2.xs9.noarch
DEBUG util.py:461:  perl-Test-Simple-5.36.1-4.xs9.noarch
DEBUG util.py:461:  perl-WWW-RobotRules-6.02-2.xs9.noarch
DEBUG util.py:461:  perl-Thread-Queue-5.36.1-4.xs9.noarch
DEBUG util.py:461:  perl-Thread-Semaphore-5.36.1-4.xs9.noarch
DEBUG util.py:461:  perl-Math-BigInt-FastCalc-5.36.1-4.xs9.x86_64
DEBUG util.py:461:  perl-File-Slurp-Tiny-0.004-2.xs9.noarch
DEBUG util.py:461:  perl-Perl-Version-1.013-2.xs9.noarch
DEBUG util.py:461:  perl-experimental-5.36.1-4.xs9.noarch
DEBUG util.py:461:  perl-File-Copy-Recursive-0.45-2.xs9.noarch
DEBUG util.py:461:  perl-CryptX-0.078-6.xs9.x86_64
DEBUG util.py:461:  perl-Crypt-JWT-0.035-3.xs9.noarch
DEBUG util.py:461:  perl-Data-Dump-1.25-2.xs9.noarch
DEBUG util.py:461:  perl-Module-Loaded-5.36.1-4.xs9.noarch
DEBUG util.py:461:  perl-Pod-Checker-5.36.1-4.xs9.noarch
DEBUG util.py:461:  perl-TimeDate-2.33-2.xs9.noarch
DEBUG util.py:461:  perl-HTTP-Date-6.05-2.xs9.noarch
DEBUG util.py:461:  perl-File-Listing-6.15-2.xs9.noarch
DEBUG util.py:461:  perl-diagnostics-5.36.1-4.xs9.noarch
DEBUG util.py:461:  perl-macros-5.36.1-4.xs9.noarch
DEBUG util.py:461:  perl-utils-5.36.1-4.xs9.noarch
DEBUG util.py:461:  perl-Attribute-Handlers-5.36.1-4.xs9.noarch
DEBUG util.py:461:  perl-Config-Extensions-5.36.1-4.xs9.noarch
DEBUG util.py:461:  perl-Config-Perl-V-5.36.1-4.xs9.noarch
DEBUG util.py:461:  perl-English-5.36.1-4.xs9.noarch
DEBUG util.py:461:  perl-Error-0.17029-2.xs9.noarch
DEBUG util.py:461:  perl-File-DosGlob-5.36.1-4.xs9.x86_64
DEBUG util.py:461:  perl-FileCache-5.36.1-4.xs9.noarch
DEBUG util.py:461:  perl-FindBin-5.36.1-4.xs9.noarch
DEBUG util.py:461:  perl-HTML-Tagset-3.20-2.xs9.noarch
DEBUG util.py:461:  perl-I18N-Collate-5.36.1-4.xs9.noarch
DEBUG util.py:461:  perl-IO-HTML-1.004-2.xs9.noarch
DEBUG util.py:461:  perl-HTTP-Message-6.37-2.xs9.noarch
DEBUG util.py:461:  perl-HTML-Parser-3.81-2.xs9.x86_64
DEBUG util.py:461:  perl-HTTP-Cookies-6.10-2.xs9.noarch
DEBUG util.py:461:  perl-HTTP-Negotiate-6.01-2.xs9.noarch
DEBUG util.py:461:  perl-IPC-SysV-5.36.1-4.xs9.x86_64
DEBUG util.py:461:  perl-Math-Complex-5.36.1-4.xs9.noarch
DEBUG util.py:461:  perl-Memoize-5.36.1-4.xs9.noarch
DEBUG util.py:461:  perl-Mozilla-CA-20211001-2.xs9.noarch
DEBUG util.py:461:  perl-NEXT-5.36.1-4.xs9.noarch
DEBUG util.py:461:  perl-Net-5.36.1-4.xs9.noarch
DEBUG util.py:461:  perl-Package-Generator-1.106-2.xs9.noarch
DEBUG util.py:461:  perl-Sub-Exporter-0.988-2.xs9.noarch
DEBUG util.py:461:  perl-PerlIO-utf8_strict-0.009-2.xs9.x86_64
DEBUG util.py:461:  perl-Mixin-Linewise-0.110-2.xs9.noarch
DEBUG util.py:461:  perl-Config-INI-0.027-2.xs9.noarch
DEBUG util.py:461:  perl-PerlIO-via-QuotedPrint-5.36.1-4.xs9.noarch
DEBUG util.py:461:  perl-Pod-Functions-5.36.1-4.xs9.noarch
DEBUG util.py:461:  perl-Search-Dict-5.36.1-4.xs9.noarch
DEBUG util.py:461:  perl-Sys-Syslog-5.36.1-4.xs9.x86_64
DEBUG util.py:461:  perl-Term-Complete-5.36.1-4.xs9.noarch
DEBUG util.py:461:  perl-Test-5.36.1-4.xs9.noarch
DEBUG util.py:461:  perl-Text-Abbrev-5.36.1-4.xs9.noarch
DEBUG util.py:461:  perl-Tie-File-5.36.1-4.xs9.noarch
DEBUG util.py:461:  perl-Tie-Memoize-5.36.1-4.xs9.noarch
DEBUG util.py:461:  perl-Time-5.36.1-4.xs9.noarch
DEBUG util.py:461:  perl-Time-Piece-5.36.1-4.xs9.x86_64
DEBUG util.py:461:  perl-Try-Tiny-0.31-2.xs9.noarch
DEBUG util.py:461:  perl-libwww-perl-6.68-2.xs9.noarch
DEBUG util.py:461:  perl-LWP-Protocol-https-6.10-2.xs9.noarch
DEBUG util.py:461:  perl-blib-5.36.1-4.xs9.noarch
DEBUG util.py:461:  perl-deprecate-5.36.1-4.xs9.noarch
DEBUG util.py:461:  perl-encoding-warnings-5.36.1-4.xs9.noarch
DEBUG util.py:461:  perl-filetest-5.36.1-4.xs9.noarch
DEBUG util.py:461:  perl-less-5.36.1-4.xs9.noarch
DEBUG util.py:461:  perl-perlfaq-5.36.1-4.xs9.noarch
DEBUG util.py:461:  perl-ph-5.36.1-4.xs9.x86_64
DEBUG util.py:461:  perl-sort-5.36.1-4.xs9.noarch
DEBUG util.py:461:  perl-vmsish-5.36.1-4.xs9.noarch
DEBUG util.py:461:  nettle-3.10-1.xs9.x86_64
DEBUG util.py:461:  gnutls-3.8.8-2.xs9.x86_64
DEBUG util.py:461:  libxml2-2.10.4-2.xs9.x86_64
DEBUG util.py:461:  libarchive-3.6.1-2.xs9.x86_64
DEBUG util.py:461:  unzip-6.0-2.xs9.x86_64
DEBUG util.py:461:  python3-argcomplete-2.0.0-2.xs9.noarch
DEBUG util.py:461:  python3-charset-normalizer-2.1.0-5.xs9.noarch
DEBUG util.py:461:  python3-pyparsing-3.0.7-2.xs9.noarch
DEBUG util.py:461:  systemtap-sdt-devel-4.8-3.xs9.x86_64
DEBUG util.py:461:  python3-pysocks-1.7.1-2.xs9.noarch
DEBUG util.py:461:  python3-urllib3+socks-1.26.20-4.xs9.noarch
DEBUG util.py:461:  python3-urllib3-1.26.20-4.xs9.noarch
DEBUG util.py:461:  python3-requests-2.28.1-5.xs9.noarch
DEBUG util.py:461:  python3-pyxdg-0.27-2.xs9.noarch
DEBUG util.py:461:  python3-tomli-w-1.0.0-2.xs9.noarch
DEBUG util.py:461:  python3-utils-3.1.0-2.xs9.noarch
DEBUG util.py:461:  python3-progressbar2-3.53.2-2.xs9.noarch
DEBUG util.py:461:  python3-zstandard-0.19.0-2.xs9.x86_64
DEBUG util.py:461:  cpio-2.13-2.xs9.x86_64
DEBUG util.py:461:  dash-0.5.11.5-2.xs9.x86_64
DEBUG util.py:461:  ed-1.19-2.xs9.x86_64
DEBUG util.py:461:  patch-2.7.6-3.xs9.x86_64
DEBUG util.py:461:  fakeroot-libs-1.32.1-3.xs9.x86_64
DEBUG util.py:461:  fakeroot-1.32.1-3.xs9.x86_64
DEBUG util.py:461:  jansson-2.14.1-1.xs9.x86_64
DEBUG util.py:461:  binutils-2.45-1.xs9.x86_64
DEBUG util.py:461:  keyutils-libs-1.6.3-2.xs9.x86_64
DEBUG util.py:461:  libcom_err-1.47.0-3.xs9.x86_64
DEBUG util.py:461:  libnghttp2-1.64.0-2.xs9.x86_64
DEBUG util.py:461:  libpkgconf-1.8.0-2.xs9.x86_64
DEBUG util.py:461:  pkgconf-1.8.0-2.xs9.x86_64
DEBUG util.py:461:  pkgconf-pkg-config-1.8.0-2.xs9.x86_64
DEBUG util.py:461:  glibc-devel-2.41-1.xs9.x86_64
DEBUG util.py:461:  libxcrypt-devel-4.4.36-3.xs9.x86_64
DEBUG util.py:461:  gcc-12.4.0-2.xs9.x86_64
DEBUG util.py:461:  gcc-c++-12.4.0-2.xs9.x86_64
DEBUG util.py:461:  libseccomp-2.5.3-2.xs9.x86_64
DEBUG util.py:461:  libsigsegv-2.14-2.xs9.x86_64
DEBUG util.py:461:  gawk-5.1.1-5.xs9.x86_64
DEBUG util.py:461:  libverto-0.3.2-2.xs9.x86_64
DEBUG util.py:461:  krb5-libs-1.21.3-3.xs9.x86_64
DEBUG util.py:461:  libcurl-8.11.1-2.xs9.x86_64
DEBUG util.py:461:  curl-8.11.1-2.xs9.x86_64
DEBUG util.py:461:  rpm-4.18.0-6.xs9.x86_64
DEBUG util.py:461:  rpm-libs-4.18.0-6.xs9.x86_64
DEBUG util.py:461:  openssh-clients-9.9p1-1.xs9.x86_64
DEBUG util.py:461:  git-core-2.41.0-4.xs9.x86_64
DEBUG util.py:461:  git-core-doc-2.41.0-4.xs9.noarch
DEBUG util.py:461:  perl-Git-2.41.0-4.xs9.noarch
DEBUG util.py:461:  git-2.41.0-4.xs9.x86_64
DEBUG util.py:461:  npth-1.6-2.xs9.x86_64
DEBUG util.py:461:  gnupg2-2.4.0-6.xs9.x86_64
DEBUG util.py:461:  rpm-sign-libs-4.18.0-6.xs9.x86_64
DEBUG util.py:461:  xxhash-libs-0.8.2-2.xs9.x86_64
DEBUG util.py:461:  gdb-15.2-2.xs9.x86_64
DEBUG util.py:461:  dbus-common-1.14.10-3.xs9.noarch
DEBUG util.py:461:  dbus-daemon-1.14.10-3.xs9.x86_64
DEBUG util.py:461:  systemd-rpm-macros-257.2-8.xs9.noarch
DEBUG util.py:461:  elfutils-libs-0.193-1.xs9.x86_64
DEBUG util.py:461:  systemd-pam-257.2-8.xs9.x86_64
DEBUG util.py:461:  systemd-257.2-8.xs9.x86_64
DEBUG util.py:461:  elfutils-default-yama-scope-0.193-1.xs9.noarch
DEBUG util.py:461:  elfutils-0.193-1.xs9.x86_64
DEBUG util.py:461:  rpm-build-libs-4.18.0-6.xs9.x86_64
DEBUG util.py:461:  python3-rpm-4.18.0-6.xs9.x86_64
DEBUG util.py:461:  debugedit-5.2-1.xs9.x86_64
DEBUG util.py:461:  annobin-docs-12.71-1.xs9.noarch
DEBUG util.py:461:  annobin-plugin-gcc-12.71-1.xs9.x86_64
DEBUG util.py:461:  xenserver-config-rpm-9.0.9-1.xs9.noarch
DEBUG util.py:461:  perl-ExtUtils-Install-5.36.1-4.xs9.noarch
DEBUG util.py:461:  perl-devel-5.36.1-4.xs9.x86_64
DEBUG util.py:461:  perl-ExtUtils-MakeMaker-7.66-2.xs9.noarch
DEBUG util.py:461:  perl-ExtUtils-CBuilder-5.36.1-4.xs9.noarch
DEBUG util.py:461:  python-srpm-macros-3.10-3.xs9.noarch
DEBUG util.py:461:  python-rpm-macros-3.10-3.xs9.noarch
DEBUG util.py:461:  perl-ExtUtils-Embed-5.36.1-4.xs9.noarch
DEBUG util.py:461:  rpm-build-4.18.0-6.xs9.x86_64
DEBUG util.py:461:  rpmlint-fedora-license-data-1.22-2.xs9.noarch
DEBUG util.py:461:  rpmlint-2.4.0-2.xs9.noarch
DEBUG util.py:461:  rpmdevtools-9.6-2.xs9.noarch
DEBUG util.py:461:  perl-ExtUtils-Miniperl-5.36.1-4.xs9.noarch
DEBUG util.py:461:  python3-rpm-macros-3.10-3.xs9.noarch
DEBUG util.py:461:  perl-libnetcfg-5.36.1-4.xs9.noarch
DEBUG util.py:461:  perl-Encode-devel-5.36.1-4.xs9.noarch
DEBUG util.py:461:  perl-inc-latest-0.500-2.xs9.noarch
DEBUG util.py:461:  perl-Module-Build-0.42.31-2.xs9.noarch
DEBUG util.py:461:  perl-CPAN-5.36.1-4.xs9.noarch
DEBUG util.py:461:  perl-5.36.1-4.xs9.x86_64
DEBUG util.py:461:  xenpkg-1.8.8-1.xs9.noarch
DEBUG util.py:461:  pyproject-rpm-macros-1.8.0-2.xs9.noarch
DEBUG util.py:461:  go-srpm-macros-3.7.0-3.xs9.noarch
DEBUG util.py:461:  xenserver-config-macros-9.0.9-1.xs9.noarch
DEBUG util.py:608:  Child return code was: 0
INFO backend.py:228:  Installed packages:
INFO backend.py:229:  annobin-docs-12.71-1.xs9.noarch
annobin-plugin-gcc-12.71-1.xs9.x86_64
audit-libs-3.1.2-2.xs9.x86_64
basesystem-11-2.xs9.noarch
bash-5.2.37-1.xs9.x86_64
binutils-2.45-1.xs9.x86_64
bzip2-1.0.8-3.xs9.x86_64
bzip2-libs-1.0.8-3.xs9.x86_64
ca-certificates-2024.2.72-3.xs9.noarch
coreutils-9.5-1.xs9.x86_64
coreutils-common-9.5-1.xs9.x86_64
cpio-2.13-2.xs9.x86_64
cpp-12.4.0-2.xs9.x86_64
cracklib-2.9.11-3.xs9.x86_64
crypto-policies-20241128-1.xs9.noarch
curl-8.11.1-2.xs9.x86_64
dash-0.5.11.5-2.xs9.x86_64
dbus-common-1.14.10-3.xs9.noarch
dbus-daemon-1.14.10-3.xs9.x86_64
dbus-libs-1.14.10-3.xs9.x86_64
dbus-tools-1.14.10-3.xs9.x86_64
debugedit-5.2-1.xs9.x86_64
diffutils-3.10-2.xs9.x86_64
dwz-0.16-1.xs9.x86_64
ed-1.19-2.xs9.x86_64
elfutils-0.193-1.xs9.x86_64
elfutils-default-yama-scope-0.193-1.xs9.noarch
elfutils-libelf-0.193-1.xs9.x86_64
elfutils-libs-0.193-1.xs9.x86_64
expat-2.5.0-2.xs9.x86_64
fakeroot-1.32.1-3.xs9.x86_64
fakeroot-libs-1.32.1-3.xs9.x86_64
file-5.45-1.xs9.x86_64
file-libs-5.45-1.xs9.x86_64
filesystem-3.18-3.xs9.x86_64
findutils-4.9.0-4.xs9.x86_64
gawk-5.1.1-5.xs9.x86_64
gcc-12.4.0-2.xs9.x86_64
gcc-c++-12.4.0-2.xs9.x86_64
gdb-15.2-2.xs9.x86_64
gdbm-1.23-2.xs9.x86_64
gdbm-libs-1.23-2.xs9.x86_64
git-2.41.0-4.xs9.x86_64
git-core-2.41.0-4.xs9.x86_64
git-core-doc-2.41.0-4.xs9.noarch
glibc-2.41-1.xs9.x86_64
glibc-common-2.41-1.xs9.x86_64
glibc-devel-2.41-1.xs9.x86_64
glibc-langpack-en-2.41-1.xs9.x86_64
glibc-minimal-langpack-2.41-1.xs9.x86_64
gmp-6.2.1-3.xs9.x86_64
gnupg2-2.4.0-6.xs9.x86_64
gnutls-3.8.8-2.xs9.x86_64
go-srpm-macros-3.7.0-3.xs9.noarch
grep-3.11-1.xs9.x86_64
groff-base-1.23.0-1.xs9.x86_64
gzip-1.14-1.xs9.x86_64
jansson-2.14.1-1.xs9.x86_64
kernel-headers-6.6.98-5.xs9.x86_64
keyutils-libs-1.6.3-2.xs9.x86_64
krb5-libs-1.21.3-3.xs9.x86_64
less-633-2.xs9.x86_64
libacl-2.3.2-1.xs9.x86_64
libarchive-3.6.1-2.xs9.x86_64
libassuan-2.5.5-2.xs9.x86_64
libattr-2.5.1-2.xs9.x86_64
libb2-0.98.1-2.xs9.x86_64
libblkid-2.38.1-4.xs9.x86_64
libcap-2.48-2.xs9.x86_64
libcap-ng-0.8.3-2.xs9.x86_64
libcom_err-1.47.0-3.xs9.x86_64
libcurl-8.11.1-2.xs9.x86_64
libedit-3.1-2.xs9.x86_64
libevent-2.1.12-2.xs9.x86_64
libfdisk-2.38.1-4.xs9.x86_64
libffi-3.4.4-2.xs9.x86_64
libgcc-12.4.0-2.xs9.x86_64
libgcrypt-1.11.0-1.xs9.x86_64
libgomp-12.4.0-2.xs9.x86_64
libgpg-error-1.51-3.xs9.x86_64
libidn2-2.3.4-4.xs9.x86_64
libksba-1.6.3-2.xs9.x86_64
libmount-2.38.1-4.xs9.x86_64
libmpc-1.3.1-2.xs9.x86_64
libnghttp2-1.64.0-2.xs9.x86_64
libpkgconf-1.8.0-2.xs9.x86_64
libpwquality-1.4.5-2.xs9.x86_64
libseccomp-2.5.3-2.xs9.x86_64
libsigsegv-2.14-2.xs9.x86_64
libsmartcols-2.38.1-4.xs9.x86_64
libstdc++-12.4.0-2.xs9.x86_64
libstdc++-devel-12.4.0-2.xs9.x86_64
libtasn1-4.19.0-2.xs9.x86_64
libunistring-1.0-2.xs9.x86_64
libutempter-1.2.1-2.xs9.x86_64
libuuid-2.38.1-4.xs9.x86_64
libverto-0.3.2-2.xs9.x86_64
libxcrypt-4.4.36-3.xs9.x86_64
libxcrypt-devel-4.4.36-3.xs9.x86_64
libxml2-2.10.4-2.xs9.x86_64
libzstd-1.5.5-2.xs9.x86_64
lua-libs-5.4.4-3.xs9.x86_64
lz4-libs-1.10.0-1.xs9.x86_64
make-4.4-2.xs9.x86_64
mpdecimal-2.5.1-2.xs9.x86_64
mpfr-4.1.1-3.xs9.x86_64
ncurses-6.4-7.xs9.x86_64
ncurses-base-6.4-7.xs9.noarch
ncurses-libs-6.4-7.xs9.x86_64
nettle-3.10-1.xs9.x86_64
npth-1.6-2.xs9.x86_64
openldap-2.6.4-5.xs9.x86_64
openssh-9.9p1-1.xs9.x86_64
openssh-clients-9.9p1-1.xs9.x86_64
openssl-libs-3.0.9-6.xs9.x86_64
p11-kit-0.24.1-3.xs9.x86_64
p11-kit-trust-0.24.1-3.xs9.x86_64
pam-1.7.0-2.xs9.x86_64
pam-libs-1.7.0-2.xs9.x86_64
patch-2.7.6-3.xs9.x86_64
pcre2-10.40-2.xs9.x86_64
pcre2-syntax-10.40-2.xs9.noarch
perl-5.36.1-4.xs9.x86_64
perl-Archive-Tar-5.36.1-4.xs9.noarch
perl-Attribute-Handlers-5.36.1-4.xs9.noarch
perl-AutoLoader-5.36.1-4.xs9.noarch
perl-AutoSplit-5.36.1-4.xs9.noarch
perl-B-5.36.1-4.xs9.x86_64
perl-Benchmark-5.36.1-4.xs9.noarch
perl-CPAN-5.36.1-4.xs9.noarch
perl-CPAN-Meta-5.36.1-4.xs9.noarch
perl-CPAN-Meta-Requirements-5.36.1-4.xs9.noarch
perl-CPAN-Meta-YAML-5.36.1-4.xs9.noarch
perl-Carp-5.36.1-4.xs9.noarch
perl-Class-Struct-5.36.1-4.xs9.noarch
perl-Compress-Raw-Bzip2-5.36.1-4.xs9.x86_64
perl-Compress-Raw-Zlib-5.36.1-4.xs9.x86_64
perl-Config-Extensions-5.36.1-4.xs9.noarch
perl-Config-INI-0.027-2.xs9.noarch
perl-Config-Perl-V-5.36.1-4.xs9.noarch
perl-Crypt-JWT-0.035-3.xs9.noarch
perl-CryptX-0.078-6.xs9.x86_64
perl-DBM_Filter-5.36.1-4.xs9.noarch
perl-Data-Dump-1.25-2.xs9.noarch
perl-Data-Dumper-5.36.1-4.xs9.x86_64
perl-Data-OptList-0.112-2.xs9.noarch
perl-Devel-PPPort-5.36.1-4.xs9.x86_64
perl-Devel-Peek-5.36.1-4.xs9.x86_64
perl-Devel-SelfStubber-5.36.1-4.xs9.noarch
perl-Digest-5.36.1-4.xs9.noarch
perl-Digest-HMAC-1.04-2.xs9.noarch
perl-Digest-MD5-5.36.1-4.xs9.x86_64
perl-Digest-SHA-5.36.1-4.xs9.x86_64
perl-DirHandle-5.36.1-4.xs9.noarch
perl-Dumpvalue-5.36.1-4.xs9.noarch
perl-DynaLoader-5.36.1-4.xs9.x86_64
perl-Encode-5.36.1-4.xs9.x86_64
perl-Encode-Locale-1.05-2.xs9.noarch
perl-Encode-devel-5.36.1-4.xs9.noarch
perl-English-5.36.1-4.xs9.noarch
perl-Env-5.36.1-4.xs9.noarch
perl-Errno-5.36.1-4.xs9.x86_64
perl-Error-0.17029-2.xs9.noarch
perl-Exporter-5.36.1-4.xs9.noarch
perl-ExtUtils-CBuilder-5.36.1-4.xs9.noarch
perl-ExtUtils-Command-7.66-2.xs9.noarch
perl-ExtUtils-Constant-5.36.1-4.xs9.noarch
perl-ExtUtils-Embed-5.36.1-4.xs9.noarch
perl-ExtUtils-Install-5.36.1-4.xs9.noarch
perl-ExtUtils-MM-Utils-7.66-2.xs9.noarch
perl-ExtUtils-MakeMaker-7.66-2.xs9.noarch
perl-ExtUtils-Manifest-5.36.1-4.xs9.noarch
perl-ExtUtils-Miniperl-5.36.1-4.xs9.noarch
perl-ExtUtils-ParseXS-5.36.1-4.xs9.noarch
perl-Fcntl-5.36.1-4.xs9.x86_64
perl-File-Basename-5.36.1-4.xs9.noarch
perl-File-Compare-5.36.1-4.xs9.noarch
perl-File-Copy-5.36.1-4.xs9.noarch
perl-File-Copy-Recursive-0.45-2.xs9.noarch
perl-File-DosGlob-5.36.1-4.xs9.x86_64
perl-File-Fetch-5.36.1-4.xs9.noarch
perl-File-Find-5.36.1-4.xs9.noarch
perl-File-Listing-6.15-2.xs9.noarch
perl-File-Path-5.36.1-4.xs9.noarch
perl-File-Slurp-Tiny-0.004-2.xs9.noarch
perl-File-Temp-5.36.1-4.xs9.noarch
perl-File-stat-5.36.1-4.xs9.noarch
perl-FileCache-5.36.1-4.xs9.noarch
perl-FileHandle-5.36.1-4.xs9.noarch
perl-Filter-5.36.1-4.xs9.x86_64
perl-Filter-Simple-5.36.1-4.xs9.noarch
perl-FindBin-5.36.1-4.xs9.noarch
perl-GDBM_File-5.36.1-4.xs9.x86_64
perl-Getopt-Long-5.36.1-4.xs9.noarch
perl-Getopt-Std-5.36.1-4.xs9.noarch
perl-Git-2.41.0-4.xs9.noarch
perl-HTML-Parser-3.81-2.xs9.x86_64
perl-HTML-Tagset-3.20-2.xs9.noarch
perl-HTTP-Cookies-6.10-2.xs9.noarch
perl-HTTP-Date-6.05-2.xs9.noarch
perl-HTTP-Message-6.37-2.xs9.noarch
perl-HTTP-Negotiate-6.01-2.xs9.noarch
perl-HTTP-Tiny-5.36.1-4.xs9.noarch
perl-Hash-Util-5.36.1-4.xs9.x86_64
perl-Hash-Util-FieldHash-5.36.1-4.xs9.x86_64
perl-I18N-Collate-5.36.1-4.xs9.noarch
perl-I18N-LangTags-5.36.1-4.xs9.noarch
perl-I18N-Langinfo-5.36.1-4.xs9.x86_64
perl-IO-5.36.1-4.xs9.x86_64
perl-IO-Compress-5.36.1-4.xs9.noarch
perl-IO-HTML-1.004-2.xs9.noarch
perl-IO-Socket-IP-5.36.1-4.xs9.noarch
perl-IO-Socket-SSL-2.075-3.xs9.noarch
perl-IO-Zlib-5.36.1-4.xs9.noarch
perl-IPC-Cmd-5.36.1-4.xs9.noarch
perl-IPC-Open3-5.36.1-4.xs9.noarch
perl-IPC-SysV-5.36.1-4.xs9.x86_64
perl-JSON-4.09-2.xs9.noarch
perl-JSON-PP-5.36.1-4.xs9.noarch
perl-LWP-MediaTypes-6.04-2.xs9.noarch
perl-LWP-Protocol-https-6.10-2.xs9.noarch
perl-Locale-Maketext-5.36.1-4.xs9.noarch
perl-Locale-Maketext-Simple-5.36.1-4.xs9.noarch
perl-MIME-Base64-5.36.1-4.xs9.x86_64
perl-Math-BigInt-5.36.1-4.xs9.noarch
perl-Math-BigInt-FastCalc-5.36.1-4.xs9.x86_64
perl-Math-BigRat-5.36.1-4.xs9.noarch
perl-Math-Complex-5.36.1-4.xs9.noarch
perl-Memoize-5.36.1-4.xs9.noarch
perl-Mixin-Linewise-0.110-2.xs9.noarch
perl-Module-Build-0.42.31-2.xs9.noarch
perl-Module-CoreList-5.36.1-4.xs9.noarch
perl-Module-CoreList-tools-5.36.1-4.xs9.noarch
perl-Module-Load-5.36.1-4.xs9.noarch
perl-Module-Load-Conditional-5.36.1-4.xs9.noarch
perl-Module-Loaded-5.36.1-4.xs9.noarch
perl-Module-Metadata-5.36.1-4.xs9.noarch
perl-Mozilla-CA-20211001-2.xs9.noarch
perl-NDBM_File-5.36.1-4.xs9.x86_64
perl-NEXT-5.36.1-4.xs9.noarch
perl-NTLM-1.09-2.xs9.noarch
perl-Net-5.36.1-4.xs9.noarch
perl-Net-HTTP-6.22-2.xs9.noarch
perl-Net-Ping-5.36.1-4.xs9.noarch
perl-Net-SSLeay-1.92-2.xs9.x86_64
perl-ODBM_File-5.36.1-4.xs9.x86_64
perl-Opcode-5.36.1-4.xs9.x86_64
perl-POSIX-5.36.1-4.xs9.x86_64
perl-Package-Generator-1.106-2.xs9.noarch
perl-Params-Check-5.36.1-4.xs9.noarch
perl-Params-Util-1.102-2.xs9.x86_64
perl-PathTools-5.36.1-4.xs9.x86_64
perl-Perl-OSType-5.36.1-4.xs9.noarch
perl-Perl-Version-1.013-2.xs9.noarch
perl-PerlIO-utf8_strict-0.009-2.xs9.x86_64
perl-PerlIO-via-QuotedPrint-5.36.1-4.xs9.noarch
perl-Pod-Checker-5.36.1-4.xs9.noarch
perl-Pod-Escapes-5.36.1-4.xs9.noarch
perl-Pod-Functions-5.36.1-4.xs9.noarch
perl-Pod-Html-5.36.1-4.xs9.noarch
perl-Pod-Perldoc-5.36.1-4.xs9.noarch
perl-Pod-Simple-5.36.1-4.xs9.noarch
perl-Pod-Usage-5.36.1-4.xs9.noarch
perl-Safe-5.36.1-4.xs9.noarch
perl-Scalar-List-Utils-5.36.1-4.xs9.x86_64
perl-Search-Dict-5.36.1-4.xs9.noarch
perl-SelectSaver-5.36.1-4.xs9.noarch
perl-SelfLoader-5.36.1-4.xs9.noarch
perl-Socket-5.36.1-4.xs9.x86_64
perl-Storable-5.36.1-4.xs9.x86_64
perl-Sub-Exporter-0.988-2.xs9.noarch
perl-Sub-Install-0.928-2.xs9.noarch
perl-Symbol-5.36.1-4.xs9.noarch
perl-Sys-Hostname-5.36.1-4.xs9.x86_64
perl-Sys-Syslog-5.36.1-4.xs9.x86_64
perl-Term-ANSIColor-5.36.1-4.xs9.noarch
perl-Term-Cap-5.36.1-4.xs9.noarch
perl-Term-Complete-5.36.1-4.xs9.noarch
perl-Term-ReadLine-5.36.1-4.xs9.noarch
perl-Test-5.36.1-4.xs9.noarch
perl-Test-Harness-5.36.1-4.xs9.noarch
perl-Test-Simple-5.36.1-4.xs9.noarch
perl-Text-Abbrev-5.36.1-4.xs9.noarch
perl-Text-Balanced-5.36.1-4.xs9.noarch
perl-Text-ParseWords-5.36.1-4.xs9.noarch
perl-Text-Tabs+Wrap-5.36.1-4.xs9.noarch
perl-Thread-5.36.1-4.xs9.noarch
perl-Thread-Queue-5.36.1-4.xs9.noarch
perl-Thread-Semaphore-5.36.1-4.xs9.noarch
perl-Tie-5.36.1-4.xs9.noarch
perl-Tie-File-5.36.1-4.xs9.noarch
perl-Tie-Memoize-5.36.1-4.xs9.noarch
perl-Tie-RefHash-5.36.1-4.xs9.noarch
perl-Time-5.36.1-4.xs9.noarch
perl-Time-HiRes-5.36.1-4.xs9.x86_64
perl-Time-Local-5.36.1-4.xs9.noarch
perl-Time-Piece-5.36.1-4.xs9.x86_64
perl-TimeDate-2.33-2.xs9.noarch
perl-Try-Tiny-0.31-2.xs9.noarch
perl-URI-5.17-2.xs9.noarch
perl-Unicode-Collate-5.36.1-4.xs9.x86_64
perl-Unicode-Normalize-5.36.1-4.xs9.x86_64
perl-Unicode-UCD-5.36.1-4.xs9.noarch
perl-User-pwent-5.36.1-4.xs9.noarch
perl-WWW-RobotRules-6.02-2.xs9.noarch
perl-autodie-5.36.1-4.xs9.noarch
perl-autouse-5.36.1-4.xs9.noarch
perl-base-5.36.1-4.xs9.noarch
perl-bignum-5.36.1-4.xs9.noarch
perl-blib-5.36.1-4.xs9.noarch
perl-constant-5.36.1-4.xs9.noarch
perl-debugger-5.36.1-4.xs9.noarch
perl-deprecate-5.36.1-4.xs9.noarch
perl-devel-5.36.1-4.xs9.x86_64
perl-diagnostics-5.36.1-4.xs9.noarch
perl-doc-5.36.1-4.xs9.noarch
perl-encoding-5.36.1-4.xs9.x86_64
perl-encoding-warnings-5.36.1-4.xs9.noarch
perl-experimental-5.36.1-4.xs9.noarch
perl-fields-5.36.1-4.xs9.noarch
perl-filetest-5.36.1-4.xs9.noarch
perl-if-5.36.1-4.xs9.noarch
perl-inc-latest-0.500-2.xs9.noarch
perl-interpreter-5.36.1-4.xs9.x86_64
perl-less-5.36.1-4.xs9.noarch
perl-lib-5.36.1-4.xs9.x86_64
perl-libnet-5.36.1-4.xs9.noarch
perl-libnetcfg-5.36.1-4.xs9.noarch
perl-libs-5.36.1-4.xs9.x86_64
perl-libwww-perl-6.68-2.xs9.noarch
perl-locale-5.36.1-4.xs9.noarch
perl-macros-5.36.1-4.xs9.noarch
perl-meta-notation-5.36.1-4.xs9.noarch
perl-mro-5.36.1-4.xs9.x86_64
perl-open-5.36.1-4.xs9.noarch
perl-overload-5.36.1-4.xs9.noarch
perl-overloading-5.36.1-4.xs9.noarch
perl-parent-5.36.1-4.xs9.noarch
perl-perlfaq-5.36.1-4.xs9.noarch
perl-ph-5.36.1-4.xs9.x86_64
perl-podlators-5.36.1-4.xs9.noarch
perl-sigtrap-5.36.1-4.xs9.noarch
perl-sort-5.36.1-4.xs9.noarch
perl-srpm-macros-1-2.xs9.noarch
perl-subs-5.36.1-4.xs9.noarch
perl-threads-5.36.1-4.xs9.x86_64
perl-threads-shared-5.36.1-4.xs9.x86_64
perl-utils-5.36.1-4.xs9.noarch
perl-vars-5.36.1-4.xs9.noarch
perl-version-5.36.1-4.xs9.noarch
perl-vmsish-5.36.1-4.xs9.noarch
pkgconf-1.8.0-2.xs9.x86_64
pkgconf-m4-1.8.0-2.xs9.noarch
pkgconf-pkg-config-1.8.0-2.xs9.x86_64
popt-1.19-2.xs9.x86_64
pyproject-rpm-macros-1.8.0-2.xs9.noarch
python-rpm-macros-3.10-3.xs9.noarch
python-srpm-macros-3.10-3.xs9.noarch
python3-3.11.3-5.xs9.x86_64
python3-argcomplete-2.0.0-2.xs9.noarch
python3-charset-normalizer-2.1.0-5.xs9.noarch
python3-construct-2.10.68-2.xs9.noarch
python3-file-magic-5.45-1.xs9.noarch
python3-idna-3.3-5.xs9.noarch
python3-libs-3.11.3-5.xs9.x86_64
python3-pip-wheel-22.2.2-3.xs9.noarch
python3-progressbar2-3.53.2-2.xs9.noarch
python3-pybeam-0.7-2.xs9.noarch
python3-pyparsing-3.0.7-2.xs9.noarch
python3-pysocks-1.7.1-2.xs9.noarch
python3-pyxdg-0.27-2.xs9.noarch
python3-requests-2.28.1-5.xs9.noarch
python3-rpm-4.18.0-6.xs9.x86_64
python3-rpm-macros-3.10-3.xs9.noarch
python3-setuptools-wheel-65.5.1-3.xs9.noarch
python3-six-1.16.0-2.xs9.noarch
python3-tomli-w-1.0.0-2.xs9.noarch
python3-urllib3+socks-1.26.20-4.xs9.noarch
python3-urllib3-1.26.20-4.xs9.noarch
python3-utils-3.1.0-2.xs9.noarch
python3-zstandard-0.19.0-2.xs9.x86_64
readline-8.2-2.xs9.x86_64
rpm-4.18.0-6.xs9.x86_64
rpm-build-4.18.0-6.xs9.x86_64
rpm-build-libs-4.18.0-6.xs9.x86_64
rpm-libs-4.18.0-6.xs9.x86_64
rpm-sign-libs-4.18.0-6.xs9.x86_64
rpmdevtools-9.6-2.xs9.noarch
rpmlint-2.4.0-2.xs9.noarch
rpmlint-fedora-license-data-1.22-2.xs9.noarch
sed-4.9-1.xs9.x86_64
setup-2.8.77-1.xs9.noarch
shadow-utils-4.17.0-1.xs9.x86_64
sqlite-libs-3.47.2-1.xs9.x86_64
systemd-257.2-8.xs9.x86_64
systemd-libs-257.2-8.xs9.x86_64
systemd-pam-257.2-8.xs9.x86_64
systemd-rpm-macros-257.2-8.xs9.noarch
systemtap-sdt-devel-4.8-3.xs9.x86_64
tar-1.35-1.xs9.x86_64
tzdata-2024a-2.xs9.noarch
unzip-6.0-2.xs9.x86_64
util-linux-2.38.1-4.xs9.x86_64
util-linux-core-2.38.1-4.xs9.x86_64
xenpkg-1.8.8-1.xs9.noarch
xenserver-config-9.0.9-1.xs9.noarch
xenserver-config-macros-9.0.9-1.xs9.noarch
xenserver-config-rpm-9.0.9-1.xs9.noarch
xenserver-release-8.99.50-11.xs9.x86_64
xenserver-release-presets-8.99.50-11.xs9.x86_64
xxhash-libs-0.8.2-2.xs9.x86_64
xz-5.4.1-2.xs9.x86_64
xz-libs-5.4.1-2.xs9.x86_64
zlib-1.2.12-3.xs9.x86_64
zstd-1.5.5-2.xs9.x86_64
DEBUG util.py:183:  kill orphans in chroot /var/lib/mock/xs-foundations-xs9-build-95501-282678/root
DEBUG util.py:634:  child environment: None
DEBUG util.py:556:  Executing command: ['/bin/umount', '-n', '/var/lib/mock/xs-foundations-xs9-build-95501-282678/root/credentials'] with env {'TERM': 'vt100', 'SHELL': '/bin/sh', 'HOME': '/builddir', 'HOSTNAME': 'mock', 'PATH': '/usr/bin:/bin:/usr/sbin:/sbin', 'LANG': 'C.UTF-8'} and shell False
DEBUG util.py:608:  Child return code was: 0
DEBUG util.py:634:  child environment: None
DEBUG util.py:556:  Executing command: ['/bin/umount', '-n', '/var/lib/mock/xs-foundations-xs9-build-95501-282678/root/bind/mount/xssign/'] with env {'TERM': 'vt100', 'SHELL': '/bin/sh', 'HOME': '/builddir', 'HOSTNAME': 'mock', 'PATH': '/usr/bin:/bin:/usr/sbin:/sbin', 'LANG': 'C.UTF-8'} and shell False
DEBUG util.py:608:  Child return code was: 0
INFO buildroot.py:667:  Mock Version: 6.3
DEBUG file_util.py:18:  ensuring that dir exists: /var/lib/mock/xs-foundations-xs9-build-95501-282678
DEBUG file_util.py:18:  ensuring that dir exists: /var/lib/mock/xs-foundations-xs9-build-95501-282678/root
DEBUG file_util.py:18:  ensuring that dir exists: /var/lib/mock/xs-foundations-xs9-build-95501-282678/result
INFO buildroot.py:318:  calling preinit hooks
DEBUG util.py:634:  child environment: None
DEBUG util.py:556:  Executing command: ['/usr/bin/lscpu'] with env {'TERM': 'vt100', 'SHELL': '/bin/sh', 'HOME': '/builddir', 'HOSTNAME': 'mock', 'PATH': '/usr/bin:/bin:/usr/sbin:/sbin', 'LANG': 'C.UTF-8'} and shell False
DEBUG util.py:461:  Architecture:                            x86_64
DEBUG util.py:461:  CPU op-mode(s):                          32-bit, 64-bit
DEBUG util.py:461:  Address sizes:                           46 bits physical, 48 bits virtual
DEBUG util.py:461:  Byte Order:                              Little Endian
DEBUG util.py:461:  CPU(s):                                  32
DEBUG util.py:461:  On-line CPU(s) list:                     0-31
DEBUG util.py:461:  Vendor ID:                               GenuineIntel
DEBUG util.py:461:  Model name:                              Intel(R) Xeon(R) Silver 4215R CPU @ 3.20GHz
DEBUG util.py:461:  CPU family:                              6
DEBUG util.py:461:  Model:                                   85
DEBUG util.py:461:  Thread(s) per core:                      2
DEBUG util.py:461:  Core(s) per socket:                      8
DEBUG util.py:461:  Socket(s):                               2
DEBUG util.py:461:  Stepping:                                7
DEBUG util.py:461:  CPU(s) scaling MHz:                      36%
DEBUG util.py:461:  CPU max MHz:                             4000.0000
DEBUG util.py:461:  CPU min MHz:                             1000.0000
DEBUG util.py:461:  BogoMIPS:                                6400.00
DEBUG util.py:461:  Flags:                                   fpu vme de pse tsc msr pae mce cx8 apic sep mtrr pge mca cmov pat pse36 clflush dts acpi mmx fxsr sse sse2 ss ht tm pbe syscall nx pdpe1gb rdtscp lm constant_tsc art arch_perfmon pebs bts rep_good nopl xtopology nonstop_tsc cpuid aperfmperf pni pclmulqdq dtes64 monitor ds_cpl vmx smx est tm2 ssse3 sdbg fma cx16 xtpr pdcm pcid dca sse4_1 sse4_2 x2apic movbe popcnt tsc_deadline_timer aes xsave avx f16c rdrand lahf_lm abm 3dnowprefetch cpuid_fault epb cat_l3 cdp_l3 intel_ppin ssbd mba ibrs ibpb stibp ibrs_enhanced tpr_shadow flexpriority ept vpid ept_ad fsgsbase tsc_adjust bmi1 avx2 smep bmi2 erms invpcid cqm mpx rdt_a avx512f avx512dq rdseed adx smap clflushopt clwb intel_pt avx512cd avx512bw avx512vl xsaveopt xsavec xgetbv1 xsaves cqm_llc cqm_occup_llc cqm_mbm_total cqm_mbm_local dtherm ida arat pln pts hwp hwp_act_window hwp_epp hwp_pkg_req vnmi pku ospke avx512_vnni md_clear flush_l1d arch_capabilities
DEBUG util.py:461:  Virtualization:                          VT-x
DEBUG util.py:461:  L1d cache:                               512 KiB (16 instances)
DEBUG util.py:461:  L1i cache:                               512 KiB (16 instances)
DEBUG util.py:461:  L2 cache:                                16 MiB (16 instances)
DEBUG util.py:461:  L3 cache:                                22 MiB (2 instances)
DEBUG util.py:461:  NUMA node(s):                            2
DEBUG util.py:461:  NUMA node0 CPU(s):                       0-7,16-23
DEBUG util.py:461:  NUMA node1 CPU(s):                       8-15,24-31
DEBUG util.py:461:  Vulnerability Gather data sampling:      Mitigation; Microcode
DEBUG util.py:461:  Vulnerability Indirect target selection: Mitigation; Aligned branch/return thunks
DEBUG util.py:461:  Vulnerability Itlb multihit:             KVM: Mitigation: Split huge pages
DEBUG util.py:461:  Vulnerability L1tf:                      Not affected
DEBUG util.py:461:  Vulnerability Mds:                       Not affected
DEBUG util.py:461:  Vulnerability Meltdown:                  Not affected
DEBUG util.py:461:  Vulnerability Mmio stale data:           Mitigation; Clear CPU buffers; SMT vulnerable
DEBUG util.py:461:  Vulnerability Reg file data sampling:    Not affected
DEBUG util.py:461:  Vulnerability Retbleed:                  Mitigation; Enhanced IBRS
DEBUG util.py:461:  Vulnerability Spec rstack overflow:      Not affected
DEBUG util.py:461:  Vulnerability Spec store bypass:         Mitigation; Speculative Store Bypass disabled via prctl
DEBUG util.py:461:  Vulnerability Spectre v1:                Mitigation; usercopy/swapgs barriers and __user pointer sanitization
DEBUG util.py:461:  Vulnerability Spectre v2:                Mitigation; Enhanced / Automatic IBRS; IBPB conditional; PBRSB-eIBRS SW sequence; BHI SW loop, KVM SW loop
DEBUG util.py:461:  Vulnerability Srbds:                     Not affected
DEBUG util.py:461:  Vulnerability Tsa:                       Not affected
DEBUG util.py:461:  Vulnerability Tsx async abort:           Mitigation; TSX disabled
DEBUG util.py:608:  Child return code was: 0
DEBUG util.py:634:  child environment: None
DEBUG util.py:556:  Executing command: ['/bin/free', '--human'] with env {'TERM': 'vt100', 'SHELL': '/bin/sh', 'HOME': '/builddir', 'HOSTNAME': 'mock', 'PATH': '/usr/bin:/bin:/usr/sbin:/sbin', 'LANG': 'C.UTF-8'} and shell False
DEBUG util.py:461:                 total        used        free      shared  buff/cache   available
DEBUG util.py:461:  Mem:           124Gi       3.1Gi       114Gi       108Mi       8.6Gi       121Gi
DEBUG util.py:461:  Swap:          8.0Gi          0B       8.0Gi
DEBUG util.py:608:  Child return code was: 0
DEBUG util.py:634:  child environment: None
DEBUG util.py:556:  Executing command: ['/bin/df', '-H', '-T', '/var/lib/mock/xs-foundations-xs9-build-95501-282678/root', '/var/cache/mock'] with env {'TERM': 'vt100', 'SHELL': '/bin/sh', 'HOME': '/builddir', 'HOSTNAME': 'mock', 'PATH': '/usr/bin:/bin:/usr/sbin:/sbin', 'LANG': 'C.UTF-8'} and shell False
DEBUG util.py:461:  Filesystem                      Type  Size  Used Avail Use% Mounted on
DEBUG util.py:461:  /dev/mapper/VolGroup-lv_var_lib xfs   602G   11G  591G   2% /var/lib
DEBUG util.py:461:  /dev/mapper/VolGroup-lv_var     xfs   108G   15G   94G  14% /var
DEBUG util.py:608:  Child return code was: 0
DEBUG buildroot.py:723:  create skeleton dirs
DEBUG file_util.py:18:  ensuring that dir exists: /var/lib/mock/xs-foundations-xs9-build-95501-282678/root/var/lib/rpm
DEBUG file_util.py:18:  ensuring that dir exists: /var/lib/mock/xs-foundations-xs9-build-95501-282678/root/var/lib/yum
DEBUG file_util.py:18:  ensuring that dir exists: /var/lib/mock/xs-foundations-xs9-build-95501-282678/root/var/lib/dbus
DEBUG file_util.py:18:  ensuring that dir exists: /var/lib/mock/xs-foundations-xs9-build-95501-282678/root/var/log
DEBUG file_util.py:18:  ensuring that dir exists: /var/lib/mock/xs-foundations-xs9-build-95501-282678/root/var/cache/dnf
DEBUG file_util.py:18:  ensuring that dir exists: /var/lib/mock/xs-foundations-xs9-build-95501-282678/root/var/cache/yum
DEBUG file_util.py:18:  ensuring that dir exists: /var/lib/mock/xs-foundations-xs9-build-95501-282678/root/etc/rpm
DEBUG file_util.py:18:  ensuring that dir exists: /var/lib/mock/xs-foundations-xs9-build-95501-282678/root/tmp
DEBUG file_util.py:18:  ensuring that dir exists: /var/lib/mock/xs-foundations-xs9-build-95501-282678/root/tmp/ccache
DEBUG file_util.py:18:  ensuring that dir exists: /var/lib/mock/xs-foundations-xs9-build-95501-282678/root/var/tmp
DEBUG file_util.py:18:  ensuring that dir exists: /var/lib/mock/xs-foundations-xs9-build-95501-282678/root/etc/dnf
DEBUG file_util.py:18:  ensuring that dir exists: /var/lib/mock/xs-foundations-xs9-build-95501-282678/root/etc/dnf/vars
DEBUG file_util.py:18:  ensuring that dir exists: /var/lib/mock/xs-foundations-xs9-build-95501-282678/root/etc/yum.repos.d
DEBUG file_util.py:21:  created dir: /var/lib/mock/xs-foundations-xs9-build-95501-282678/root/etc/yum.repos.d
DEBUG file_util.py:18:  ensuring that dir exists: /var/lib/mock/xs-foundations-xs9-build-95501-282678/root/etc/yum
DEBUG file_util.py:18:  ensuring that dir exists: /var/lib/mock/xs-foundations-xs9-build-95501-282678/root/proc
DEBUG file_util.py:18:  ensuring that dir exists: /var/lib/mock/xs-foundations-xs9-build-95501-282678/root/sys
DEBUG file_util.py:18:  ensuring that dir exists: /var/lib/mock/xs-foundations-xs9-build-95501-282678/root/dev/pts
DEBUG file_util.py:18:  ensuring that dir exists: /var/lib/mock/xs-foundations-xs9-build-95501-282678/root/dev/shm
DEBUG file_util.py:18:  ensuring that dir exists: /var/lib/mock/xs-foundations-xs9-build-95501-282678/root/dev/mapper
DEBUG file_util.py:21:  created dir: /var/lib/mock/xs-foundations-xs9-build-95501-282678/root/dev/mapper
DEBUG buildroot.py:867:  kernel version == 5.14.0-620.el9.x86_64
DEBUG file_util.py:30:  touching file: /var/lib/mock/xs-foundations-xs9-build-95501-282678/root/etc/fstab
DEBUG file_util.py:30:  touching file: /var/lib/mock/xs-foundations-xs9-build-95501-282678/root/etc/yum/yum.conf
DEBUG file_util.py:30:  touching file: /var/lib/mock/xs-foundations-xs9-build-95501-282678/root/etc/dnf/dnf.conf
DEBUG file_util.py:30:  touching file: /var/lib/mock/xs-foundations-xs9-build-95501-282678/root/var/log/yum.log
DEBUG buildroot.py:332:  rootdir = /var/lib/mock/xs-foundations-xs9-build-95501-282678/root
DEBUG buildroot.py:333:  resultdir = /var/lib/mock/xs-foundations-xs9-build-95501-282678/result
DEBUG package_manager.py:63:  searching for 'dnf4' package manager or alternatives
INFO buildroot.py:181:  Package manager dnf4 detected and used (fallback)
DEBUG file_util.py:18:  ensuring that dir exists: /var/lib/mock/xs-foundations-xs9-build-95501-282678/root/etc/pki/mock
DEBUG package_manager.py:404:  copying CA trust dir into chroot: /etc/pki/ca-trust => /etc/pki/ca-trust
DEBUG file_util.py:158:  Updating files in /var/lib/mock/xs-foundations-xs9-build-95501-282678/root/etc/pki/ca-trust with files from /etc/pki/ca-trust
DEBUG file_util.py:18:  ensuring that dir exists: /var/lib/mock/xs-foundations-xs9-build-95501-282678/root/etc/pki/ca-trust
DEBUG file_util.py:18:  ensuring that dir exists: /var/lib/mock/xs-foundations-xs9-build-95501-282678/root/etc/pki/ca-trust/./extracted
DEBUG file_util.py:18:  ensuring that dir exists: /var/lib/mock/xs-foundations-xs9-build-95501-282678/root/etc/pki/ca-trust/./source
DEBUG file_util.py:18:  ensuring that dir exists: /var/lib/mock/xs-foundations-xs9-build-95501-282678/root/etc/pki/ca-trust/extracted/edk2
DEBUG file_util.py:18:  ensuring that dir exists: /var/lib/mock/xs-foundations-xs9-build-95501-282678/root/etc/pki/ca-trust/extracted/java
DEBUG file_util.py:18:  ensuring that dir exists: /var/lib/mock/xs-foundations-xs9-build-95501-282678/root/etc/pki/ca-trust/extracted/openssl
DEBUG file_util.py:18:  ensuring that dir exists: /var/lib/mock/xs-foundations-xs9-build-95501-282678/root/etc/pki/ca-trust/extracted/pem
DEBUG file_util.py:18:  ensuring that dir exists: /var/lib/mock/xs-foundations-xs9-build-95501-282678/root/etc/pki/ca-trust/extracted/pem/directory-hash
DEBUG file_util.py:18:  ensuring that dir exists: /var/lib/mock/xs-foundations-xs9-build-95501-282678/root/etc/pki/ca-trust/source/anchors
DEBUG file_util.py:18:  ensuring that dir exists: /var/lib/mock/xs-foundations-xs9-build-95501-282678/root/etc/pki/ca-trust/source/blocklist
DEBUG package_manager.py:404:  copying CA trust dir into chroot: /usr/share/pki/ca-trust-source => /usr/share/pki/ca-trust-source
DEBUG file_util.py:158:  Updating files in /var/lib/mock/xs-foundations-xs9-build-95501-282678/root/usr/share/pki/ca-trust-source with files from /usr/share/pki/ca-trust-source
DEBUG file_util.py:18:  ensuring that dir exists: /var/lib/mock/xs-foundations-xs9-build-95501-282678/root/usr/share/pki/ca-trust-source
DEBUG file_util.py:18:  ensuring that dir exists: /var/lib/mock/xs-foundations-xs9-build-95501-282678/root/usr/share/pki/ca-trust-source/./anchors
DEBUG file_util.py:18:  ensuring that dir exists: /var/lib/mock/xs-foundations-xs9-build-95501-282678/root/usr/share/pki/ca-trust-source/./blocklist
DEBUG file_util.py:18:  ensuring that dir exists: /var/lib/mock/xs-foundations-xs9-build-95501-282678/root/etc/dnf
DEBUG package_manager.py:691:  configure DNF vars
DEBUG file_util.py:18:  ensuring that dir exists: /var/lib/mock/xs-foundations-xs9-build-95501-282678/root/etc
DEBUG file_util.py:18:  ensuring that dir exists: /var/lib/mock/xs-foundations-xs9-build-95501-282678/root/etc
DEBUG util.py:634:  child environment: None
DEBUG util.py:556:  Executing command: ['userdel', '-f', 'mockbuild', '--prefix', '/var/lib/mock/xs-foundations-xs9-build-95501-282678/root'] with env {'TERM': 'vt100', 'SHELL': '/bin/sh', 'HOME': '/builddir', 'HOSTNAME': 'mock', 'PATH': '/usr/bin:/bin:/usr/sbin:/sbin', 'LANG': 'C.UTF-8'} and shell False
DEBUG util.py:608:  Child return code was: 0
DEBUG util.py:634:  child environment: None
DEBUG util.py:556:  Executing command: ['groupdel', 'mock', '--prefix', '/var/lib/mock/xs-foundations-xs9-build-95501-282678/root'] with env {'TERM': 'vt100', 'SHELL': '/bin/sh', 'HOME': '/builddir', 'HOSTNAME': 'mock', 'PATH': '/usr/bin:/bin:/usr/sbin:/sbin', 'LANG': 'C.UTF-8'} and shell False
DEBUG util.py:608:  Child return code was: 0
DEBUG util.py:634:  child environment: None
DEBUG util.py:556:  Executing command: ['groupadd', 'mock', '-g', '135', '--prefix', '/var/lib/mock/xs-foundations-xs9-build-95501-282678/root'] with env {'TERM': 'vt100', 'SHELL': '/bin/sh', 'HOME': '/builddir', 'HOSTNAME': 'mock', 'PATH': '/usr/bin:/bin:/usr/sbin:/sbin', 'LANG': 'C.UTF-8'} and shell False
DEBUG util.py:608:  Child return code was: 0
DEBUG util.py:634:  child environment: None
DEBUG util.py:556:  Executing command: ['useradd', 'mockbuild', '-o', '-u', '995', '-g', '135', '-N', '-d', '/builddir', '--prefix', '/var/lib/mock/xs-foundations-xs9-build-95501-282678/root'] with env {'TERM': 'vt100', 'SHELL': '/bin/sh', 'HOME': '/builddir', 'HOSTNAME': 'mock', 'PATH': '/usr/bin:/bin:/usr/sbin:/sbin', 'LANG': 'C.UTF-8'} and shell False
DEBUG util.py:459:  useradd warning: mockbuild's uid 995 outside of the UID_MIN 1000 and UID_MAX 60000 range.
DEBUG util.py:459:  useradd: warning: the home directory /builddir already exists.
DEBUG util.py:459:  useradd: Not copying any file from skel directory into it.
DEBUG util.py:459:  Creating mailbox file: File exists
DEBUG util.py:608:  Child return code was: 0
DEBUG file_util.py:30:  touching file: /var/lib/mock/xs-foundations-xs9-build-95501-282678/root/.initialized
DEBUG file_util.py:18:  ensuring that dir exists: /run/xssign
DEBUG file_util.py:18:  ensuring that dir exists: /var/lib/mock/xs-foundations-xs9-build-95501-282678/root/bind/mount/xssign/
DEBUG file_util.py:18:  ensuring that dir exists: /etc/kojid/scmcredentials
DEBUG file_util.py:18:  ensuring that dir exists: /var/lib/mock/xs-foundations-xs9-build-95501-282678/root/credentials
DEBUG file_util.py:18:  ensuring that dir exists: /var/lib/mock/xs-foundations-xs9-build-95501-282678/root/bind/mount/xssign/
DEBUG util.py:634:  child environment: None
DEBUG util.py:556:  Executing command: ['/bin/mount', '-n', '-o', 'bind', '/run/xssign', '/var/lib/mock/xs-foundations-xs9-build-95501-282678/root/bind/mount/xssign/'] with env {'TERM': 'vt100', 'SHELL': '/bin/sh', 'HOME': '/builddir', 'HOSTNAME': 'mock', 'PATH': '/usr/bin:/bin:/usr/sbin:/sbin', 'LANG': 'C.UTF-8'} and shell False
DEBUG util.py:608:  Child return code was: 0
DEBUG file_util.py:18:  ensuring that dir exists: /var/lib/mock/xs-foundations-xs9-build-95501-282678/root/credentials
DEBUG util.py:634:  child environment: None
DEBUG util.py:556:  Executing command: ['/bin/mount', '-n', '-o', 'bind', '/etc/kojid/scmcredentials', '/var/lib/mock/xs-foundations-xs9-build-95501-282678/root/credentials'] with env {'TERM': 'vt100', 'SHELL': '/bin/sh', 'HOME': '/builddir', 'HOSTNAME': 'mock', 'PATH': '/usr/bin:/bin:/usr/sbin:/sbin', 'LANG': 'C.UTF-8'} and shell False
DEBUG util.py:608:  Child return code was: 0
INFO backend.py:386:  Running in chroot: ['uname -r']
DEBUG util.py:634:  child environment: None
DEBUG util.py:551:  Using nspawn with args ['--system-call-filter=clone3', '--bind=/tmp/mock-resolv.skn9l9nt:/etc/resolv.conf', '--bind=/dev/mapper/control', '--bind=/dev/fuse', '--bind=/dev/loop-control', '--bind=/dev/loop0', '--bind=/dev/loop1', '--bind=/dev/loop2', '--bind=/dev/loop3', '--bind=/dev/loop4', '--bind=/dev/loop5', '--bind=/dev/loop6', '--bind=/dev/loop7', '--bind=/dev/loop8', '--bind=/dev/loop9', '--bind=/dev/loop10', '--bind=/dev/loop11']
DEBUG util.py:556:  Executing command: ['/usr/bin/systemd-nspawn', '-q', '-M', '65387157062147569269fc5bece19275', '-D', '/var/lib/mock/xs-foundations-xs9-build-95501-282678/root', '-a', '--system-call-filter=clone3', '--bind=/tmp/mock-resolv.skn9l9nt:/etc/resolv.conf', '--bind=/dev/mapper/control', '--bind=/dev/fuse', '--bind=/dev/loop-control', '--bind=/dev/loop0', '--bind=/dev/loop1', '--bind=/dev/loop2', '--bind=/dev/loop3', '--bind=/dev/loop4', '--bind=/dev/loop5', '--bind=/dev/loop6', '--bind=/dev/loop7', '--bind=/dev/loop8', '--bind=/dev/loop9', '--bind=/dev/loop10', '--bind=/dev/loop11', '--console=pipe', '--setenv=TERM=vt100', '--setenv=SHELL=/bin/bash', '--setenv=HOME=/builddir', '--setenv=HOSTNAME=mock', '--setenv=PATH=/usr/bin:/bin:/usr/sbin:/sbin', '--setenv=PROMPT_COMMAND=printf "\\033]0;<mock-chroot>\\007"', '--setenv=PS1=<mock-chroot> \\s-\\v\\$ ', '--setenv=LANG=en_US.UTF-8', '--setenv=NETRC=/credentials/.netrc', '--setenv=XS_BUILDER=kojibuilder1', '--setenv=XSSIGN_SOCK=/bind/mount/xssign/xssign.sock', '--setenv=XSSIGN_SERVERSIDE_SHARED_DIR=/run/xssign/share/', '--setenv=XSSIGN_CLIENTSIDE_SHARED_DIR=/bind/mount/xssign/share/', '--resolv-conf=off', '/bin/sh', '-c', 'uname -r'] with env {'TERM': 'vt100', 'SHELL': '/bin/bash', 'HOME': '/builddir', 'HOSTNAME': 'mock', 'PATH': '/usr/bin:/bin:/usr/sbin:/sbin', 'PROMPT_COMMAND': 'printf "\\033]0;<mock-chroot>\\007"', 'PS1': '<mock-chroot> \\s-\\v\\$ ', 'LANG': 'en_US.UTF-8', 'NETRC': '/credentials/.netrc', 'XS_BUILDER': 'kojibuilder1', 'XSSIGN_SOCK': '/bind/mount/xssign/xssign.sock', 'XSSIGN_SERVERSIDE_SHARED_DIR': '/run/xssign/share/', 'XSSIGN_CLIENTSIDE_SHARED_DIR': '/bind/mount/xssign/share/', 'SYSTEMD_NSPAWN_TMPFS_TMP': '0', 'SYSTEMD_SECCOMP': '0'} and shell False
DEBUG util.py:461:  5.14.0-620.el9.x86_64
DEBUG util.py:608:  Child return code was: 0
DEBUG util.py:183:  kill orphans in chroot /var/lib/mock/xs-foundations-xs9-build-95501-282678/root
DEBUG util.py:634:  child environment: None
DEBUG util.py:556:  Executing command: ['/bin/umount', '-n', '/var/lib/mock/xs-foundations-xs9-build-95501-282678/root/credentials'] with env {'TERM': 'vt100', 'SHELL': '/bin/sh', 'HOME': '/builddir', 'HOSTNAME': 'mock', 'PATH': '/usr/bin:/bin:/usr/sbin:/sbin', 'LANG': 'C.UTF-8'} and shell False
DEBUG util.py:608:  Child return code was: 0
DEBUG util.py:634:  child environment: None
DEBUG util.py:556:  Executing command: ['/bin/umount', '-n', '/var/lib/mock/xs-foundations-xs9-build-95501-282678/root/bind/mount/xssign/'] with env {'TERM': 'vt100', 'SHELL': '/bin/sh', 'HOME': '/builddir', 'HOSTNAME': 'mock', 'PATH': '/usr/bin:/bin:/usr/sbin:/sbin', 'LANG': 'C.UTF-8'} and shell False
DEBUG util.py:608:  Child return code was: 0
INFO buildroot.py:667:  Mock Version: 6.3
DEBUG file_util.py:18:  ensuring that dir exists: /var/lib/mock/xs-foundations-xs9-build-95501-282678
DEBUG file_util.py:18:  ensuring that dir exists: /var/lib/mock/xs-foundations-xs9-build-95501-282678/root
DEBUG file_util.py:18:  ensuring that dir exists: /var/lib/mock/xs-foundations-xs9-build-95501-282678/result
INFO buildroot.py:318:  calling preinit hooks
DEBUG util.py:634:  child environment: None
DEBUG util.py:556:  Executing command: ['/usr/bin/lscpu'] with env {'TERM': 'vt100', 'SHELL': '/bin/sh', 'HOME': '/builddir', 'HOSTNAME': 'mock', 'PATH': '/usr/bin:/bin:/usr/sbin:/sbin', 'LANG': 'C.UTF-8'} and shell False
DEBUG util.py:461:  Architecture:                            x86_64
DEBUG util.py:461:  CPU op-mode(s):                          32-bit, 64-bit
DEBUG util.py:461:  Address sizes:                           46 bits physical, 48 bits virtual
DEBUG util.py:461:  Byte Order:                              Little Endian
DEBUG util.py:461:  CPU(s):                                  32
DEBUG util.py:461:  On-line CPU(s) list:                     0-31
DEBUG util.py:461:  Vendor ID:                               GenuineIntel
DEBUG util.py:461:  Model name:                              Intel(R) Xeon(R) Silver 4215R CPU @ 3.20GHz
DEBUG util.py:461:  CPU family:                              6
DEBUG util.py:461:  Model:                                   85
DEBUG util.py:461:  Thread(s) per core:                      2
DEBUG util.py:461:  Core(s) per socket:                      8
DEBUG util.py:461:  Socket(s):                               2
DEBUG util.py:461:  Stepping:                                7
DEBUG util.py:461:  CPU(s) scaling MHz:                      49%
DEBUG util.py:461:  CPU max MHz:                             4000.0000
DEBUG util.py:461:  CPU min MHz:                             1000.0000
DEBUG util.py:461:  BogoMIPS:                                6400.00
DEBUG util.py:461:  Flags:                                   fpu vme de pse tsc msr pae mce cx8 apic sep mtrr pge mca cmov pat pse36 clflush dts acpi mmx fxsr sse sse2 ss ht tm pbe syscall nx pdpe1gb rdtscp lm constant_tsc art arch_perfmon pebs bts rep_good nopl xtopology nonstop_tsc cpuid aperfmperf pni pclmulqdq dtes64 monitor ds_cpl vmx smx est tm2 ssse3 sdbg fma cx16 xtpr pdcm pcid dca sse4_1 sse4_2 x2apic movbe popcnt tsc_deadline_timer aes xsave avx f16c rdrand lahf_lm abm 3dnowprefetch cpuid_fault epb cat_l3 cdp_l3 intel_ppin ssbd mba ibrs ibpb stibp ibrs_enhanced tpr_shadow flexpriority ept vpid ept_ad fsgsbase tsc_adjust bmi1 avx2 smep bmi2 erms invpcid cqm mpx rdt_a avx512f avx512dq rdseed adx smap clflushopt clwb intel_pt avx512cd avx512bw avx512vl xsaveopt xsavec xgetbv1 xsaves cqm_llc cqm_occup_llc cqm_mbm_total cqm_mbm_local dtherm ida arat pln pts hwp hwp_act_window hwp_epp hwp_pkg_req vnmi pku ospke avx512_vnni md_clear flush_l1d arch_capabilities
DEBUG util.py:461:  Virtualization:                          VT-x
DEBUG util.py:461:  L1d cache:                               512 KiB (16 instances)
DEBUG util.py:461:  L1i cache:                               512 KiB (16 instances)
DEBUG util.py:461:  L2 cache:                                16 MiB (16 instances)
DEBUG util.py:461:  L3 cache:                                22 MiB (2 instances)
DEBUG util.py:461:  NUMA node(s):                            2
DEBUG util.py:461:  NUMA node0 CPU(s):                       0-7,16-23
DEBUG util.py:461:  NUMA node1 CPU(s):                       8-15,24-31
DEBUG util.py:461:  Vulnerability Gather data sampling:      Mitigation; Microcode
DEBUG util.py:461:  Vulnerability Indirect target selection: Mitigation; Aligned branch/return thunks
DEBUG util.py:461:  Vulnerability Itlb multihit:             KVM: Mitigation: Split huge pages
DEBUG util.py:461:  Vulnerability L1tf:                      Not affected
DEBUG util.py:461:  Vulnerability Mds:                       Not affected
DEBUG util.py:461:  Vulnerability Meltdown:                  Not affected
DEBUG util.py:461:  Vulnerability Mmio stale data:           Mitigation; Clear CPU buffers; SMT vulnerable
DEBUG util.py:461:  Vulnerability Reg file data sampling:    Not affected
DEBUG util.py:461:  Vulnerability Retbleed:                  Mitigation; Enhanced IBRS
DEBUG util.py:461:  Vulnerability Spec rstack overflow:      Not affected
DEBUG util.py:461:  Vulnerability Spec store bypass:         Mitigation; Speculative Store Bypass disabled via prctl
DEBUG util.py:461:  Vulnerability Spectre v1:                Mitigation; usercopy/swapgs barriers and __user pointer sanitization
DEBUG util.py:461:  Vulnerability Spectre v2:                Mitigation; Enhanced / Automatic IBRS; IBPB conditional; PBRSB-eIBRS SW sequence; BHI SW loop, KVM SW loop
DEBUG util.py:461:  Vulnerability Srbds:                     Not affected
DEBUG util.py:461:  Vulnerability Tsa:                       Not affected
DEBUG util.py:461:  Vulnerability Tsx async abort:           Mitigation; TSX disabled
DEBUG util.py:608:  Child return code was: 0
DEBUG util.py:634:  child environment: None
DEBUG util.py:556:  Executing command: ['/bin/free', '--human'] with env {'TERM': 'vt100', 'SHELL': '/bin/sh', 'HOME': '/builddir', 'HOSTNAME': 'mock', 'PATH': '/usr/bin:/bin:/usr/sbin:/sbin', 'LANG': 'C.UTF-8'} and shell False
DEBUG util.py:461:                 total        used        free      shared  buff/cache   available
DEBUG util.py:461:  Mem:           124Gi       3.1Gi       114Gi       108Mi       8.6Gi       121Gi
DEBUG util.py:461:  Swap:          8.0Gi          0B       8.0Gi
DEBUG util.py:608:  Child return code was: 0
DEBUG util.py:634:  child environment: None
DEBUG util.py:556:  Executing command: ['/bin/df', '-H', '-T', '/var/lib/mock/xs-foundations-xs9-build-95501-282678/root', '/var/cache/mock'] with env {'TERM': 'vt100', 'SHELL': '/bin/sh', 'HOME': '/builddir', 'HOSTNAME': 'mock', 'PATH': '/usr/bin:/bin:/usr/sbin:/sbin', 'LANG': 'C.UTF-8'} and shell False
DEBUG util.py:461:  Filesystem                      Type  Size  Used Avail Use% Mounted on
DEBUG util.py:461:  /dev/mapper/VolGroup-lv_var_lib xfs   602G   11G  591G   2% /var/lib
DEBUG util.py:461:  /dev/mapper/VolGroup-lv_var     xfs   108G   15G   94G  14% /var
DEBUG util.py:608:  Child return code was: 0
DEBUG buildroot.py:723:  create skeleton dirs
DEBUG file_util.py:18:  ensuring that dir exists: /var/lib/mock/xs-foundations-xs9-build-95501-282678/root/var/lib/rpm
DEBUG file_util.py:18:  ensuring that dir exists: /var/lib/mock/xs-foundations-xs9-build-95501-282678/root/var/lib/yum
DEBUG file_util.py:18:  ensuring that dir exists: /var/lib/mock/xs-foundations-xs9-build-95501-282678/root/var/lib/dbus
DEBUG file_util.py:18:  ensuring that dir exists: /var/lib/mock/xs-foundations-xs9-build-95501-282678/root/var/log
DEBUG file_util.py:18:  ensuring that dir exists: /var/lib/mock/xs-foundations-xs9-build-95501-282678/root/var/cache/dnf
DEBUG file_util.py:18:  ensuring that dir exists: /var/lib/mock/xs-foundations-xs9-build-95501-282678/root/var/cache/yum
DEBUG file_util.py:18:  ensuring that dir exists: /var/lib/mock/xs-foundations-xs9-build-95501-282678/root/etc/rpm
DEBUG file_util.py:18:  ensuring that dir exists: /var/lib/mock/xs-foundations-xs9-build-95501-282678/root/tmp
DEBUG file_util.py:18:  ensuring that dir exists: /var/lib/mock/xs-foundations-xs9-build-95501-282678/root/tmp/ccache
DEBUG file_util.py:18:  ensuring that dir exists: /var/lib/mock/xs-foundations-xs9-build-95501-282678/root/var/tmp
DEBUG file_util.py:18:  ensuring that dir exists: /var/lib/mock/xs-foundations-xs9-build-95501-282678/root/etc/dnf
DEBUG file_util.py:18:  ensuring that dir exists: /var/lib/mock/xs-foundations-xs9-build-95501-282678/root/etc/dnf/vars
DEBUG file_util.py:18:  ensuring that dir exists: /var/lib/mock/xs-foundations-xs9-build-95501-282678/root/etc/yum.repos.d
DEBUG file_util.py:21:  created dir: /var/lib/mock/xs-foundations-xs9-build-95501-282678/root/etc/yum.repos.d
DEBUG file_util.py:18:  ensuring that dir exists: /var/lib/mock/xs-foundations-xs9-build-95501-282678/root/etc/yum
DEBUG file_util.py:18:  ensuring that dir exists: /var/lib/mock/xs-foundations-xs9-build-95501-282678/root/proc
DEBUG file_util.py:18:  ensuring that dir exists: /var/lib/mock/xs-foundations-xs9-build-95501-282678/root/sys
DEBUG file_util.py:18:  ensuring that dir exists: /var/lib/mock/xs-foundations-xs9-build-95501-282678/root/dev/pts
DEBUG file_util.py:18:  ensuring that dir exists: /var/lib/mock/xs-foundations-xs9-build-95501-282678/root/dev/shm
DEBUG file_util.py:18:  ensuring that dir exists: /var/lib/mock/xs-foundations-xs9-build-95501-282678/root/dev/mapper
DEBUG file_util.py:21:  created dir: /var/lib/mock/xs-foundations-xs9-build-95501-282678/root/dev/mapper
DEBUG buildroot.py:867:  kernel version == 5.14.0-620.el9.x86_64
DEBUG file_util.py:30:  touching file: /var/lib/mock/xs-foundations-xs9-build-95501-282678/root/etc/fstab
DEBUG file_util.py:30:  touching file: /var/lib/mock/xs-foundations-xs9-build-95501-282678/root/etc/yum/yum.conf
DEBUG file_util.py:30:  touching file: /var/lib/mock/xs-foundations-xs9-build-95501-282678/root/etc/dnf/dnf.conf
DEBUG file_util.py:30:  touching file: /var/lib/mock/xs-foundations-xs9-build-95501-282678/root/var/log/yum.log
DEBUG buildroot.py:332:  rootdir = /var/lib/mock/xs-foundations-xs9-build-95501-282678/root
DEBUG buildroot.py:333:  resultdir = /var/lib/mock/xs-foundations-xs9-build-95501-282678/result
DEBUG package_manager.py:63:  searching for 'dnf4' package manager or alternatives
INFO buildroot.py:181:  Package manager dnf4 detected and used (fallback)
DEBUG file_util.py:18:  ensuring that dir exists: /var/lib/mock/xs-foundations-xs9-build-95501-282678/root/etc/pki/mock
DEBUG package_manager.py:404:  copying CA trust dir into chroot: /etc/pki/ca-trust => /etc/pki/ca-trust
DEBUG file_util.py:158:  Updating files in /var/lib/mock/xs-foundations-xs9-build-95501-282678/root/etc/pki/ca-trust with files from /etc/pki/ca-trust
DEBUG file_util.py:18:  ensuring that dir exists: /var/lib/mock/xs-foundations-xs9-build-95501-282678/root/etc/pki/ca-trust
DEBUG file_util.py:18:  ensuring that dir exists: /var/lib/mock/xs-foundations-xs9-build-95501-282678/root/etc/pki/ca-trust/./extracted
DEBUG file_util.py:18:  ensuring that dir exists: /var/lib/mock/xs-foundations-xs9-build-95501-282678/root/etc/pki/ca-trust/./source
DEBUG file_util.py:18:  ensuring that dir exists: /var/lib/mock/xs-foundations-xs9-build-95501-282678/root/etc/pki/ca-trust/extracted/edk2
DEBUG file_util.py:18:  ensuring that dir exists: /var/lib/mock/xs-foundations-xs9-build-95501-282678/root/etc/pki/ca-trust/extracted/java
DEBUG file_util.py:18:  ensuring that dir exists: /var/lib/mock/xs-foundations-xs9-build-95501-282678/root/etc/pki/ca-trust/extracted/openssl
DEBUG file_util.py:18:  ensuring that dir exists: /var/lib/mock/xs-foundations-xs9-build-95501-282678/root/etc/pki/ca-trust/extracted/pem
DEBUG file_util.py:18:  ensuring that dir exists: /var/lib/mock/xs-foundations-xs9-build-95501-282678/root/etc/pki/ca-trust/extracted/pem/directory-hash
DEBUG file_util.py:18:  ensuring that dir exists: /var/lib/mock/xs-foundations-xs9-build-95501-282678/root/etc/pki/ca-trust/source/anchors
DEBUG file_util.py:18:  ensuring that dir exists: /var/lib/mock/xs-foundations-xs9-build-95501-282678/root/etc/pki/ca-trust/source/blocklist
DEBUG package_manager.py:404:  copying CA trust dir into chroot: /usr/share/pki/ca-trust-source => /usr/share/pki/ca-trust-source
DEBUG file_util.py:158:  Updating files in /var/lib/mock/xs-foundations-xs9-build-95501-282678/root/usr/share/pki/ca-trust-source with files from /usr/share/pki/ca-trust-source
DEBUG file_util.py:18:  ensuring that dir exists: /var/lib/mock/xs-foundations-xs9-build-95501-282678/root/usr/share/pki/ca-trust-source
DEBUG file_util.py:18:  ensuring that dir exists: /var/lib/mock/xs-foundations-xs9-build-95501-282678/root/usr/share/pki/ca-trust-source/./anchors
DEBUG file_util.py:18:  ensuring that dir exists: /var/lib/mock/xs-foundations-xs9-build-95501-282678/root/usr/share/pki/ca-trust-source/./blocklist
DEBUG file_util.py:18:  ensuring that dir exists: /var/lib/mock/xs-foundations-xs9-build-95501-282678/root/etc/dnf
DEBUG package_manager.py:691:  configure DNF vars
DEBUG file_util.py:18:  ensuring that dir exists: /var/lib/mock/xs-foundations-xs9-build-95501-282678/root/etc
DEBUG file_util.py:18:  ensuring that dir exists: /var/lib/mock/xs-foundations-xs9-build-95501-282678/root/etc
DEBUG util.py:634:  child environment: None
DEBUG util.py:556:  Executing command: ['userdel', '-f', 'mockbuild', '--prefix', '/var/lib/mock/xs-foundations-xs9-build-95501-282678/root'] with env {'TERM': 'vt100', 'SHELL': '/bin/sh', 'HOME': '/builddir', 'HOSTNAME': 'mock', 'PATH': '/usr/bin:/bin:/usr/sbin:/sbin', 'LANG': 'C.UTF-8'} and shell False
DEBUG util.py:608:  Child return code was: 0
DEBUG util.py:634:  child environment: None
DEBUG util.py:556:  Executing command: ['groupdel', 'mock', '--prefix', '/var/lib/mock/xs-foundations-xs9-build-95501-282678/root'] with env {'TERM': 'vt100', 'SHELL': '/bin/sh', 'HOME': '/builddir', 'HOSTNAME': 'mock', 'PATH': '/usr/bin:/bin:/usr/sbin:/sbin', 'LANG': 'C.UTF-8'} and shell False
DEBUG util.py:608:  Child return code was: 0
DEBUG util.py:634:  child environment: None
DEBUG util.py:556:  Executing command: ['groupadd', 'mock', '-g', '135', '--prefix', '/var/lib/mock/xs-foundations-xs9-build-95501-282678/root'] with env {'TERM': 'vt100', 'SHELL': '/bin/sh', 'HOME': '/builddir', 'HOSTNAME': 'mock', 'PATH': '/usr/bin:/bin:/usr/sbin:/sbin', 'LANG': 'C.UTF-8'} and shell False
DEBUG util.py:608:  Child return code was: 0
DEBUG util.py:634:  child environment: None
DEBUG util.py:556:  Executing command: ['useradd', 'mockbuild', '-o', '-u', '995', '-g', '135', '-N', '-d', '/builddir', '--prefix', '/var/lib/mock/xs-foundations-xs9-build-95501-282678/root'] with env {'TERM': 'vt100', 'SHELL': '/bin/sh', 'HOME': '/builddir', 'HOSTNAME': 'mock', 'PATH': '/usr/bin:/bin:/usr/sbin:/sbin', 'LANG': 'C.UTF-8'} and shell False
DEBUG util.py:459:  useradd warning: mockbuild's uid 995 outside of the UID_MIN 1000 and UID_MAX 60000 range.
DEBUG util.py:459:  useradd: warning: the home directory /builddir already exists.
DEBUG util.py:459:  useradd: Not copying any file from skel directory into it.
DEBUG util.py:459:  Creating mailbox file: File exists
DEBUG util.py:608:  Child return code was: 0
DEBUG file_util.py:30:  touching file: /var/lib/mock/xs-foundations-xs9-build-95501-282678/root/.initialized
DEBUG file_util.py:18:  ensuring that dir exists: /run/xssign
DEBUG file_util.py:18:  ensuring that dir exists: /var/lib/mock/xs-foundations-xs9-build-95501-282678/root/bind/mount/xssign/
DEBUG file_util.py:18:  ensuring that dir exists: /etc/kojid/scmcredentials
DEBUG file_util.py:18:  ensuring that dir exists: /var/lib/mock/xs-foundations-xs9-build-95501-282678/root/credentials
DEBUG file_util.py:18:  ensuring that dir exists: /var/lib/mock/xs-foundations-xs9-build-95501-282678/root/bind/mount/xssign/
DEBUG util.py:634:  child environment: None
DEBUG util.py:556:  Executing command: ['/bin/mount', '-n', '-o', 'bind', '/run/xssign', '/var/lib/mock/xs-foundations-xs9-build-95501-282678/root/bind/mount/xssign/'] with env {'TERM': 'vt100', 'SHELL': '/bin/sh', 'HOME': '/builddir', 'HOSTNAME': 'mock', 'PATH': '/usr/bin:/bin:/usr/sbin:/sbin', 'LANG': 'C.UTF-8'} and shell False
DEBUG util.py:608:  Child return code was: 0
DEBUG file_util.py:18:  ensuring that dir exists: /var/lib/mock/xs-foundations-xs9-build-95501-282678/root/credentials
DEBUG util.py:634:  child environment: None
DEBUG util.py:556:  Executing command: ['/bin/mount', '-n', '-o', 'bind', '/etc/kojid/scmcredentials', '/var/lib/mock/xs-foundations-xs9-build-95501-282678/root/credentials'] with env {'TERM': 'vt100', 'SHELL': '/bin/sh', 'HOME': '/builddir', 'HOSTNAME': 'mock', 'PATH': '/usr/bin:/bin:/usr/sbin:/sbin', 'LANG': 'C.UTF-8'} and shell False
DEBUG util.py:608:  Child return code was: 0
INFO backend.py:386:  Running in chroot: ['xenpkg', '--cimode', 'makesources']
DEBUG util.py:634:  child environment: None
DEBUG util.py:551:  Using nspawn with args ['--system-call-filter=clone3', '--bind=/tmp/mock-resolv.jngq9sd9:/etc/resolv.conf', '--bind=/dev/mapper/control', '--bind=/dev/fuse', '--bind=/dev/loop-control', '--bind=/dev/loop0', '--bind=/dev/loop1', '--bind=/dev/loop2', '--bind=/dev/loop3', '--bind=/dev/loop4', '--bind=/dev/loop5', '--bind=/dev/loop6', '--bind=/dev/loop7', '--bind=/dev/loop8', '--bind=/dev/loop9', '--bind=/dev/loop10', '--bind=/dev/loop11']
DEBUG util.py:556:  Executing command: ['/usr/bin/systemd-nspawn', '-q', '-M', '92d07f6b89664c69bf2e5500d96adbf6', '-D', '/var/lib/mock/xs-foundations-xs9-build-95501-282678/root', '-a', '-u', 'mockbuild', '--system-call-filter=clone3', '--bind=/tmp/mock-resolv.jngq9sd9:/etc/resolv.conf', '--bind=/dev/mapper/control', '--bind=/dev/fuse', '--bind=/dev/loop-control', '--bind=/dev/loop0', '--bind=/dev/loop1', '--bind=/dev/loop2', '--bind=/dev/loop3', '--bind=/dev/loop4', '--bind=/dev/loop5', '--bind=/dev/loop6', '--bind=/dev/loop7', '--bind=/dev/loop8', '--bind=/dev/loop9', '--bind=/dev/loop10', '--bind=/dev/loop11', '--console=pipe', '--chdir=/chroot_tmpdir/scmroot/shim.spec//SRPM', '--setenv=TERM=vt100', '--setenv=SHELL=/bin/bash', '--setenv=HOME=/builddir', '--setenv=HOSTNAME=mock', '--setenv=PATH=/usr/bin:/bin:/usr/sbin:/sbin', '--setenv=PROMPT_COMMAND=printf "\\033]0;<mock-chroot>\\007"', '--setenv=PS1=<mock-chroot> \\s-\\v\\$ ', '--setenv=LANG=en_US.UTF-8', '--setenv=NETRC=/credentials/.netrc', '--setenv=XS_BUILDER=kojibuilder1', '--setenv=XSSIGN_SOCK=/bind/mount/xssign/xssign.sock', '--setenv=XSSIGN_SERVERSIDE_SHARED_DIR=/run/xssign/share/', '--setenv=XSSIGN_CLIENTSIDE_SHARED_DIR=/bind/mount/xssign/share/', '--resolv-conf=off', 'xenpkg', '--cimode', 'makesources'] with env {'TERM': 'vt100', 'SHELL': '/bin/bash', 'HOME': '/builddir', 'HOSTNAME': 'mock', 'PATH': '/usr/bin:/bin:/usr/sbin:/sbin', 'PROMPT_COMMAND': 'printf "\\033]0;<mock-chroot>\\007"', 'PS1': '<mock-chroot> \\s-\\v\\$ ', 'LANG': 'en_US.UTF-8', 'NETRC': '/credentials/.netrc', 'XS_BUILDER': 'kojibuilder1', 'XSSIGN_SOCK': '/bind/mount/xssign/xssign.sock', 'XSSIGN_SERVERSIDE_SHARED_DIR': '/run/xssign/share/', 'XSSIGN_CLIENTSIDE_SHARED_DIR': '/bind/mount/xssign/share/', 'SYSTEMD_NSPAWN_TMPFS_TMP': '0', 'SYSTEMD_SECCOMP': '0'} and shell False
DEBUG util.py:461:  Adding patches from /chroot_tmpdir/scmroot/shim.spec/patches/series
DEBUG util.py:461:  Fetching Source0: https://repo.citrite.net/artifactory/xs-local-contrib/shim/shim-16.1.tar.bz2...
DEBUG util.py:461:  CHECKSUM: Checking shim-16.1.tar.bz2...Data OK...Size OK...SHA256 OK
DEBUG util.py:461:  Writing /chroot_tmpdir/scmroot/shim.spec/SRPM/shim.spec...
DEBUG util.py:461:  Detected rpmlintrc: Running rpmlint v2.4.0 on generated SPEC...
DEBUG util.py:461:  ============================ rpmlint session starts ============================
DEBUG util.py:461:  rpmlint: 2.4.0
DEBUG util.py:461:  configuration:
DEBUG util.py:461:      /usr/lib/python3.11/site-packages/rpmlint/configdefaults.toml
DEBUG util.py:461:      /etc/xdg/rpmlint/fedora-legacy-licenses.toml
DEBUG util.py:461:      /etc/xdg/rpmlint/fedora-spdx-licenses.toml
DEBUG util.py:461:      /etc/xdg/rpmlint/fedora.toml
DEBUG util.py:461:      /etc/xdg/rpmlint/scoring.toml
DEBUG util.py:461:      /etc/xdg/rpmlint/users-groups.toml
DEBUG util.py:461:      /etc/xdg/rpmlint/warn-on-functions.toml
DEBUG util.py:461:  rpmlintrc: [PosixPath('/chroot_tmpdir/scmroot/shim.spec/rpmlintrc')]
DEBUG util.py:461:  checks: 31, packages: 1
DEBUG util.py:461:  shim.spec:95: W: macro-in-%changelog %check
DEBUG util.py:461:  Macros are expanded in %changelog too, which can in unfortunate cases lead to
DEBUG util.py:461:  the package not building at all, or other subtle unexpected conditions that
DEBUG util.py:461:  affect the build.  Even when that doesn't happen, the expansion results in
DEBUG util.py:461:  possibly 'rewriting history' on subsequent package revisions and generally odd
DEBUG util.py:461:  entries eg. in source rpms, which is rarely wanted. Avoid use of macros in
DEBUG util.py:461:  %changelog altogether, or use two '%'s to escape them, like '%%foo'.
DEBUG util.py:461:   0 packages and 1 specfiles checked; 0 errors, 1 warnings, 0 badness; has taken 0.0 s 
DEBUG util.py:461:  Generated source in /chroot_tmpdir/scmroot/shim.spec/SRPM/
DEBUG util.py:608:  Child return code was: 0
DEBUG util.py:183:  kill orphans in chroot /var/lib/mock/xs-foundations-xs9-build-95501-282678/root
DEBUG util.py:634:  child environment: None
DEBUG util.py:556:  Executing command: ['/bin/umount', '-n', '/var/lib/mock/xs-foundations-xs9-build-95501-282678/root/credentials'] with env {'TERM': 'vt100', 'SHELL': '/bin/sh', 'HOME': '/builddir', 'HOSTNAME': 'mock', 'PATH': '/usr/bin:/bin:/usr/sbin:/sbin', 'LANG': 'C.UTF-8'} and shell False
DEBUG util.py:608:  Child return code was: 0
DEBUG util.py:634:  child environment: None
DEBUG util.py:556:  Executing command: ['/bin/umount', '-n', '/var/lib/mock/xs-foundations-xs9-build-95501-282678/root/bind/mount/xssign/'] with env {'TERM': 'vt100', 'SHELL': '/bin/sh', 'HOME': '/builddir', 'HOSTNAME': 'mock', 'PATH': '/usr/bin:/bin:/usr/sbin:/sbin', 'LANG': 'C.UTF-8'} and shell False
DEBUG util.py:608:  Child return code was: 0
INFO buildroot.py:667:  Mock Version: 6.3
DEBUG file_util.py:18:  ensuring that dir exists: /var/lib/mock/xs-foundations-xs9-build-95501-282678
DEBUG file_util.py:18:  ensuring that dir exists: /var/lib/mock/xs-foundations-xs9-build-95501-282678/root
DEBUG file_util.py:18:  ensuring that dir exists: /var/lib/mock/xs-foundations-xs9-build-95501-282678/result
INFO buildroot.py:318:  calling preinit hooks
DEBUG util.py:634:  child environment: None
DEBUG util.py:556:  Executing command: ['/usr/bin/lscpu'] with env {'TERM': 'vt100', 'SHELL': '/bin/sh', 'HOME': '/builddir', 'HOSTNAME': 'mock', 'PATH': '/usr/bin:/bin:/usr/sbin:/sbin', 'LANG': 'C.UTF-8'} and shell False
DEBUG util.py:461:  Architecture:                            x86_64
DEBUG util.py:461:  CPU op-mode(s):                          32-bit, 64-bit
DEBUG util.py:461:  Address sizes:                           46 bits physical, 48 bits virtual
DEBUG util.py:461:  Byte Order:                              Little Endian
DEBUG util.py:461:  CPU(s):                                  32
DEBUG util.py:461:  On-line CPU(s) list:                     0-31
DEBUG util.py:461:  Vendor ID:                               GenuineIntel
DEBUG util.py:461:  Model name:                              Intel(R) Xeon(R) Silver 4215R CPU @ 3.20GHz
DEBUG util.py:461:  CPU family:                              6
DEBUG util.py:461:  Model:                                   85
DEBUG util.py:461:  Thread(s) per core:                      2
DEBUG util.py:461:  Core(s) per socket:                      8
DEBUG util.py:461:  Socket(s):                               2
DEBUG util.py:461:  Stepping:                                7
DEBUG util.py:461:  CPU(s) scaling MHz:                      33%
DEBUG util.py:461:  CPU max MHz:                             4000.0000
DEBUG util.py:461:  CPU min MHz:                             1000.0000
DEBUG util.py:461:  BogoMIPS:                                6400.00
DEBUG util.py:461:  Flags:                                   fpu vme de pse tsc msr pae mce cx8 apic sep mtrr pge mca cmov pat pse36 clflush dts acpi mmx fxsr sse sse2 ss ht tm pbe syscall nx pdpe1gb rdtscp lm constant_tsc art arch_perfmon pebs bts rep_good nopl xtopology nonstop_tsc cpuid aperfmperf pni pclmulqdq dtes64 monitor ds_cpl vmx smx est tm2 ssse3 sdbg fma cx16 xtpr pdcm pcid dca sse4_1 sse4_2 x2apic movbe popcnt tsc_deadline_timer aes xsave avx f16c rdrand lahf_lm abm 3dnowprefetch cpuid_fault epb cat_l3 cdp_l3 intel_ppin ssbd mba ibrs ibpb stibp ibrs_enhanced tpr_shadow flexpriority ept vpid ept_ad fsgsbase tsc_adjust bmi1 avx2 smep bmi2 erms invpcid cqm mpx rdt_a avx512f avx512dq rdseed adx smap clflushopt clwb intel_pt avx512cd avx512bw avx512vl xsaveopt xsavec xgetbv1 xsaves cqm_llc cqm_occup_llc cqm_mbm_total cqm_mbm_local dtherm ida arat pln pts hwp hwp_act_window hwp_epp hwp_pkg_req vnmi pku ospke avx512_vnni md_clear flush_l1d arch_capabilities
DEBUG util.py:461:  Virtualization:                          VT-x
DEBUG util.py:461:  L1d cache:                               512 KiB (16 instances)
DEBUG util.py:461:  L1i cache:                               512 KiB (16 instances)
DEBUG util.py:461:  L2 cache:                                16 MiB (16 instances)
DEBUG util.py:461:  L3 cache:                                22 MiB (2 instances)
DEBUG util.py:461:  NUMA node(s):                            2
DEBUG util.py:461:  NUMA node0 CPU(s):                       0-7,16-23
DEBUG util.py:461:  NUMA node1 CPU(s):                       8-15,24-31
DEBUG util.py:461:  Vulnerability Gather data sampling:      Mitigation; Microcode
DEBUG util.py:461:  Vulnerability Indirect target selection: Mitigation; Aligned branch/return thunks
DEBUG util.py:461:  Vulnerability Itlb multihit:             KVM: Mitigation: Split huge pages
DEBUG util.py:461:  Vulnerability L1tf:                      Not affected
DEBUG util.py:461:  Vulnerability Mds:                       Not affected
DEBUG util.py:461:  Vulnerability Meltdown:                  Not affected
DEBUG util.py:461:  Vulnerability Mmio stale data:           Mitigation; Clear CPU buffers; SMT vulnerable
DEBUG util.py:461:  Vulnerability Reg file data sampling:    Not affected
DEBUG util.py:461:  Vulnerability Retbleed:                  Mitigation; Enhanced IBRS
DEBUG util.py:461:  Vulnerability Spec rstack overflow:      Not affected
DEBUG util.py:461:  Vulnerability Spec store bypass:         Mitigation; Speculative Store Bypass disabled via prctl
DEBUG util.py:461:  Vulnerability Spectre v1:                Mitigation; usercopy/swapgs barriers and __user pointer sanitization
DEBUG util.py:461:  Vulnerability Spectre v2:                Mitigation; Enhanced / Automatic IBRS; IBPB conditional; PBRSB-eIBRS SW sequence; BHI SW loop, KVM SW loop
DEBUG util.py:461:  Vulnerability Srbds:                     Not affected
DEBUG util.py:461:  Vulnerability Tsa:                       Not affected
DEBUG util.py:461:  Vulnerability Tsx async abort:           Mitigation; TSX disabled
DEBUG util.py:608:  Child return code was: 0
DEBUG util.py:634:  child environment: None
DEBUG util.py:556:  Executing command: ['/bin/free', '--human'] with env {'TERM': 'vt100', 'SHELL': '/bin/sh', 'HOME': '/builddir', 'HOSTNAME': 'mock', 'PATH': '/usr/bin:/bin:/usr/sbin:/sbin', 'LANG': 'C.UTF-8'} and shell False
DEBUG util.py:461:                 total        used        free      shared  buff/cache   available
DEBUG util.py:461:  Mem:           124Gi       3.1Gi       114Gi       108Mi       8.7Gi       121Gi
DEBUG util.py:461:  Swap:          8.0Gi          0B       8.0Gi
DEBUG util.py:608:  Child return code was: 0
DEBUG util.py:634:  child environment: None
DEBUG util.py:556:  Executing command: ['/bin/df', '-H', '-T', '/var/lib/mock/xs-foundations-xs9-build-95501-282678/root', '/var/cache/mock'] with env {'TERM': 'vt100', 'SHELL': '/bin/sh', 'HOME': '/builddir', 'HOSTNAME': 'mock', 'PATH': '/usr/bin:/bin:/usr/sbin:/sbin', 'LANG': 'C.UTF-8'} and shell False
DEBUG util.py:461:  Filesystem                      Type  Size  Used Avail Use% Mounted on
DEBUG util.py:461:  /dev/mapper/VolGroup-lv_var_lib xfs   602G   11G  591G   2% /var/lib
DEBUG util.py:461:  /dev/mapper/VolGroup-lv_var     xfs   108G   15G   94G  14% /var
DEBUG util.py:608:  Child return code was: 0
DEBUG buildroot.py:723:  create skeleton dirs
DEBUG file_util.py:18:  ensuring that dir exists: /var/lib/mock/xs-foundations-xs9-build-95501-282678/root/var/lib/rpm
DEBUG file_util.py:18:  ensuring that dir exists: /var/lib/mock/xs-foundations-xs9-build-95501-282678/root/var/lib/yum
DEBUG file_util.py:18:  ensuring that dir exists: /var/lib/mock/xs-foundations-xs9-build-95501-282678/root/var/lib/dbus
DEBUG file_util.py:18:  ensuring that dir exists: /var/lib/mock/xs-foundations-xs9-build-95501-282678/root/var/log
DEBUG file_util.py:18:  ensuring that dir exists: /var/lib/mock/xs-foundations-xs9-build-95501-282678/root/var/cache/dnf
DEBUG file_util.py:18:  ensuring that dir exists: /var/lib/mock/xs-foundations-xs9-build-95501-282678/root/var/cache/yum
DEBUG file_util.py:18:  ensuring that dir exists: /var/lib/mock/xs-foundations-xs9-build-95501-282678/root/etc/rpm
DEBUG file_util.py:18:  ensuring that dir exists: /var/lib/mock/xs-foundations-xs9-build-95501-282678/root/tmp
DEBUG file_util.py:18:  ensuring that dir exists: /var/lib/mock/xs-foundations-xs9-build-95501-282678/root/tmp/ccache
DEBUG file_util.py:18:  ensuring that dir exists: /var/lib/mock/xs-foundations-xs9-build-95501-282678/root/var/tmp
DEBUG file_util.py:18:  ensuring that dir exists: /var/lib/mock/xs-foundations-xs9-build-95501-282678/root/etc/dnf
DEBUG file_util.py:18:  ensuring that dir exists: /var/lib/mock/xs-foundations-xs9-build-95501-282678/root/etc/dnf/vars
DEBUG file_util.py:18:  ensuring that dir exists: /var/lib/mock/xs-foundations-xs9-build-95501-282678/root/etc/yum.repos.d
DEBUG file_util.py:21:  created dir: /var/lib/mock/xs-foundations-xs9-build-95501-282678/root/etc/yum.repos.d
DEBUG file_util.py:18:  ensuring that dir exists: /var/lib/mock/xs-foundations-xs9-build-95501-282678/root/etc/yum
DEBUG file_util.py:18:  ensuring that dir exists: /var/lib/mock/xs-foundations-xs9-build-95501-282678/root/proc
DEBUG file_util.py:18:  ensuring that dir exists: /var/lib/mock/xs-foundations-xs9-build-95501-282678/root/sys
DEBUG file_util.py:18:  ensuring that dir exists: /var/lib/mock/xs-foundations-xs9-build-95501-282678/root/dev/pts
DEBUG file_util.py:18:  ensuring that dir exists: /var/lib/mock/xs-foundations-xs9-build-95501-282678/root/dev/shm
DEBUG file_util.py:18:  ensuring that dir exists: /var/lib/mock/xs-foundations-xs9-build-95501-282678/root/dev/mapper
DEBUG file_util.py:21:  created dir: /var/lib/mock/xs-foundations-xs9-build-95501-282678/root/dev/mapper
DEBUG buildroot.py:867:  kernel version == 5.14.0-620.el9.x86_64
DEBUG file_util.py:30:  touching file: /var/lib/mock/xs-foundations-xs9-build-95501-282678/root/etc/fstab
DEBUG file_util.py:30:  touching file: /var/lib/mock/xs-foundations-xs9-build-95501-282678/root/etc/yum/yum.conf
DEBUG file_util.py:30:  touching file: /var/lib/mock/xs-foundations-xs9-build-95501-282678/root/etc/dnf/dnf.conf
DEBUG file_util.py:30:  touching file: /var/lib/mock/xs-foundations-xs9-build-95501-282678/root/var/log/yum.log
DEBUG buildroot.py:332:  rootdir = /var/lib/mock/xs-foundations-xs9-build-95501-282678/root
DEBUG buildroot.py:333:  resultdir = /var/lib/mock/xs-foundations-xs9-build-95501-282678/result
DEBUG package_manager.py:63:  searching for 'dnf4' package manager or alternatives
INFO buildroot.py:181:  Package manager dnf4 detected and used (fallback)
DEBUG file_util.py:18:  ensuring that dir exists: /var/lib/mock/xs-foundations-xs9-build-95501-282678/root/etc/pki/mock
DEBUG package_manager.py:404:  copying CA trust dir into chroot: /etc/pki/ca-trust => /etc/pki/ca-trust
DEBUG file_util.py:158:  Updating files in /var/lib/mock/xs-foundations-xs9-build-95501-282678/root/etc/pki/ca-trust with files from /etc/pki/ca-trust
DEBUG file_util.py:18:  ensuring that dir exists: /var/lib/mock/xs-foundations-xs9-build-95501-282678/root/etc/pki/ca-trust
DEBUG file_util.py:18:  ensuring that dir exists: /var/lib/mock/xs-foundations-xs9-build-95501-282678/root/etc/pki/ca-trust/./extracted
DEBUG file_util.py:18:  ensuring that dir exists: /var/lib/mock/xs-foundations-xs9-build-95501-282678/root/etc/pki/ca-trust/./source
DEBUG file_util.py:18:  ensuring that dir exists: /var/lib/mock/xs-foundations-xs9-build-95501-282678/root/etc/pki/ca-trust/extracted/edk2
DEBUG file_util.py:18:  ensuring that dir exists: /var/lib/mock/xs-foundations-xs9-build-95501-282678/root/etc/pki/ca-trust/extracted/java
DEBUG file_util.py:18:  ensuring that dir exists: /var/lib/mock/xs-foundations-xs9-build-95501-282678/root/etc/pki/ca-trust/extracted/openssl
DEBUG file_util.py:18:  ensuring that dir exists: /var/lib/mock/xs-foundations-xs9-build-95501-282678/root/etc/pki/ca-trust/extracted/pem
DEBUG file_util.py:18:  ensuring that dir exists: /var/lib/mock/xs-foundations-xs9-build-95501-282678/root/etc/pki/ca-trust/extracted/pem/directory-hash
DEBUG file_util.py:18:  ensuring that dir exists: /var/lib/mock/xs-foundations-xs9-build-95501-282678/root/etc/pki/ca-trust/source/anchors
DEBUG file_util.py:18:  ensuring that dir exists: /var/lib/mock/xs-foundations-xs9-build-95501-282678/root/etc/pki/ca-trust/source/blocklist
DEBUG package_manager.py:404:  copying CA trust dir into chroot: /usr/share/pki/ca-trust-source => /usr/share/pki/ca-trust-source
DEBUG file_util.py:158:  Updating files in /var/lib/mock/xs-foundations-xs9-build-95501-282678/root/usr/share/pki/ca-trust-source with files from /usr/share/pki/ca-trust-source
DEBUG file_util.py:18:  ensuring that dir exists: /var/lib/mock/xs-foundations-xs9-build-95501-282678/root/usr/share/pki/ca-trust-source
DEBUG file_util.py:18:  ensuring that dir exists: /var/lib/mock/xs-foundations-xs9-build-95501-282678/root/usr/share/pki/ca-trust-source/./anchors
DEBUG file_util.py:18:  ensuring that dir exists: /var/lib/mock/xs-foundations-xs9-build-95501-282678/root/usr/share/pki/ca-trust-source/./blocklist
DEBUG file_util.py:18:  ensuring that dir exists: /var/lib/mock/xs-foundations-xs9-build-95501-282678/root/etc/dnf
DEBUG package_manager.py:691:  configure DNF vars
DEBUG file_util.py:18:  ensuring that dir exists: /var/lib/mock/xs-foundations-xs9-build-95501-282678/root/etc
DEBUG file_util.py:18:  ensuring that dir exists: /var/lib/mock/xs-foundations-xs9-build-95501-282678/root/etc
DEBUG util.py:634:  child environment: None
DEBUG util.py:556:  Executing command: ['rpm', '-q', 'rpm', 'rpm-sequoia', 'python3-dnf', 'python3-dnf-plugins-core', 'yum', 'yum-utils', 'dnf5', 'dnf5-plugins'] with env {'TERM': 'vt100', 'SHELL': '/bin/sh', 'HOME': '/builddir', 'HOSTNAME': 'mock', 'PATH': '/usr/bin:/bin:/usr/sbin:/sbin', 'LANG': 'C.UTF-8'} and shell False
DEBUG util.py:461:  rpm-4.16.1.3-39.el9.x86_64
DEBUG util.py:461:  package rpm-sequoia is not installed
DEBUG util.py:461:  python3-dnf-4.14.0-31.el9.noarch
DEBUG util.py:461:  python3-dnf-plugins-core-4.3.0-23.el9.noarch
DEBUG util.py:461:  yum-4.14.0-31.el9.noarch
DEBUG util.py:461:  yum-utils-4.3.0-23.el9.noarch
DEBUG util.py:461:  package dnf5 is not installed
DEBUG util.py:461:  package dnf5-plugins is not installed
DEBUG util.py:608:  Child return code was: 3
INFO package_manager.py:201:  Buildroot is handled by package management from host and used with --installroot:
  rpm-4.16.1.3-39.el9.x86_64
  python3-dnf-4.14.0-31.el9.noarch
  python3-dnf-plugins-core-4.3.0-23.el9.noarch
  yum-4.14.0-31.el9.noarch
  yum-utils-4.3.0-23.el9.noarch
DEBUG file_util.py:18:  ensuring that dir exists: /var/lib/mock/xs-foundations-xs9-build-95501-282678/root/builddir/build
DEBUG file_util.py:18:  ensuring that dir exists: /var/lib/mock/xs-foundations-xs9-build-95501-282678/root/builddir/build/RPMS
DEBUG file_util.py:21:  created dir: /var/lib/mock/xs-foundations-xs9-build-95501-282678/root/builddir/build/RPMS
DEBUG file_util.py:18:  ensuring that dir exists: /var/lib/mock/xs-foundations-xs9-build-95501-282678/root/builddir/build/SPECS
DEBUG file_util.py:21:  created dir: /var/lib/mock/xs-foundations-xs9-build-95501-282678/root/builddir/build/SPECS
DEBUG file_util.py:18:  ensuring that dir exists: /var/lib/mock/xs-foundations-xs9-build-95501-282678/root/builddir/build/SRPMS
DEBUG file_util.py:21:  created dir: /var/lib/mock/xs-foundations-xs9-build-95501-282678/root/builddir/build/SRPMS
DEBUG file_util.py:18:  ensuring that dir exists: /var/lib/mock/xs-foundations-xs9-build-95501-282678/root/builddir/build/SOURCES
DEBUG file_util.py:18:  ensuring that dir exists: /var/lib/mock/xs-foundations-xs9-build-95501-282678/root/builddir/build/BUILD
DEBUG file_util.py:21:  created dir: /var/lib/mock/xs-foundations-xs9-build-95501-282678/root/builddir/build/BUILD
DEBUG file_util.py:18:  ensuring that dir exists: /var/lib/mock/xs-foundations-xs9-build-95501-282678/root/builddir/build/BUILDROOT
DEBUG file_util.py:21:  created dir: /var/lib/mock/xs-foundations-xs9-build-95501-282678/root/builddir/build/BUILDROOT
DEBUG file_util.py:18:  ensuring that dir exists: /var/lib/mock/xs-foundations-xs9-build-95501-282678/root/builddir/build/originals
DEBUG file_util.py:21:  created dir: /var/lib/mock/xs-foundations-xs9-build-95501-282678/root/builddir/build/originals
DEBUG file_util.py:18:  ensuring that dir exists: /var/lib/mock/xs-foundations-xs9-build-95501-282678/root/builddir
DEBUG util.py:634:  child environment: None
DEBUG util.py:556:  Executing command: ['userdel', '-f', 'mockbuild', '--prefix', '/var/lib/mock/xs-foundations-xs9-build-95501-282678/root'] with env {'TERM': 'vt100', 'SHELL': '/bin/sh', 'HOME': '/builddir', 'HOSTNAME': 'mock', 'PATH': '/usr/bin:/bin:/usr/sbin:/sbin', 'LANG': 'C.UTF-8'} and shell False
DEBUG util.py:608:  Child return code was: 0
DEBUG util.py:634:  child environment: None
DEBUG util.py:556:  Executing command: ['groupdel', 'mock', '--prefix', '/var/lib/mock/xs-foundations-xs9-build-95501-282678/root'] with env {'TERM': 'vt100', 'SHELL': '/bin/sh', 'HOME': '/builddir', 'HOSTNAME': 'mock', 'PATH': '/usr/bin:/bin:/usr/sbin:/sbin', 'LANG': 'C.UTF-8'} and shell False
DEBUG util.py:608:  Child return code was: 0
DEBUG util.py:634:  child environment: None
DEBUG util.py:556:  Executing command: ['groupadd', 'mock', '-g', '135', '--prefix', '/var/lib/mock/xs-foundations-xs9-build-95501-282678/root'] with env {'TERM': 'vt100', 'SHELL': '/bin/sh', 'HOME': '/builddir', 'HOSTNAME': 'mock', 'PATH': '/usr/bin:/bin:/usr/sbin:/sbin', 'LANG': 'C.UTF-8'} and shell False
DEBUG util.py:608:  Child return code was: 0
DEBUG util.py:634:  child environment: None
DEBUG util.py:556:  Executing command: ['useradd', 'mockbuild', '-o', '-u', '995', '-g', '135', '-N', '-d', '/builddir', '--prefix', '/var/lib/mock/xs-foundations-xs9-build-95501-282678/root'] with env {'TERM': 'vt100', 'SHELL': '/bin/sh', 'HOME': '/builddir', 'HOSTNAME': 'mock', 'PATH': '/usr/bin:/bin:/usr/sbin:/sbin', 'LANG': 'C.UTF-8'} and shell False
DEBUG util.py:459:  useradd warning: mockbuild's uid 995 outside of the UID_MIN 1000 and UID_MAX 60000 range.
DEBUG util.py:459:  useradd: warning: the home directory /builddir already exists.
DEBUG util.py:459:  useradd: Not copying any file from skel directory into it.
DEBUG util.py:459:  Creating mailbox file: File exists
DEBUG util.py:608:  Child return code was: 0
DEBUG file_util.py:30:  touching file: /var/lib/mock/xs-foundations-xs9-build-95501-282678/root/.initialized
DEBUG file_util.py:18:  ensuring that dir exists: /run/xssign
DEBUG file_util.py:18:  ensuring that dir exists: /var/lib/mock/xs-foundations-xs9-build-95501-282678/root/bind/mount/xssign/
DEBUG file_util.py:18:  ensuring that dir exists: /etc/kojid/scmcredentials
DEBUG file_util.py:18:  ensuring that dir exists: /var/lib/mock/xs-foundations-xs9-build-95501-282678/root/credentials
DEBUG file_util.py:18:  ensuring that dir exists: /var/lib/mock/xs-foundations-xs9-build-95501-282678/root/bind/mount/xssign/
DEBUG util.py:634:  child environment: None
DEBUG util.py:556:  Executing command: ['/bin/mount', '-n', '-o', 'bind', '/run/xssign', '/var/lib/mock/xs-foundations-xs9-build-95501-282678/root/bind/mount/xssign/'] with env {'TERM': 'vt100', 'SHELL': '/bin/sh', 'HOME': '/builddir', 'HOSTNAME': 'mock', 'PATH': '/usr/bin:/bin:/usr/sbin:/sbin', 'LANG': 'C.UTF-8'} and shell False
DEBUG util.py:608:  Child return code was: 0
DEBUG file_util.py:18:  ensuring that dir exists: /var/lib/mock/xs-foundations-xs9-build-95501-282678/root/credentials
DEBUG util.py:634:  child environment: None
DEBUG util.py:556:  Executing command: ['/bin/mount', '-n', '-o', 'bind', '/etc/kojid/scmcredentials', '/var/lib/mock/xs-foundations-xs9-build-95501-282678/root/credentials'] with env {'TERM': 'vt100', 'SHELL': '/bin/sh', 'HOME': '/builddir', 'HOSTNAME': 'mock', 'PATH': '/usr/bin:/bin:/usr/sbin:/sbin', 'LANG': 'C.UTF-8'} and shell False
DEBUG util.py:608:  Child return code was: 0
DEBUG util.py:634:  child environment: None
DEBUG util.py:551:  Using nspawn with args ['--system-call-filter=clone3', '--bind=/tmp/mock-resolv.5yjhnpz_:/etc/resolv.conf', '--bind=/dev/mapper/control', '--bind=/dev/fuse', '--bind=/dev/loop-control', '--bind=/dev/loop0', '--bind=/dev/loop1', '--bind=/dev/loop2', '--bind=/dev/loop3', '--bind=/dev/loop4', '--bind=/dev/loop5', '--bind=/dev/loop6', '--bind=/dev/loop7', '--bind=/dev/loop8', '--bind=/dev/loop9', '--bind=/dev/loop10', '--bind=/dev/loop11']
DEBUG util.py:556:  Executing command: ['/usr/bin/systemd-nspawn', '-q', '-M', '00ff15e23ed34abc8002b651e38566e4', '-D', '/var/lib/mock/xs-foundations-xs9-build-95501-282678/root', '-a', '--system-call-filter=clone3', '--bind=/tmp/mock-resolv.5yjhnpz_:/etc/resolv.conf', '--bind=/dev/mapper/control', '--bind=/dev/fuse', '--bind=/dev/loop-control', '--bind=/dev/loop0', '--bind=/dev/loop1', '--bind=/dev/loop2', '--bind=/dev/loop3', '--bind=/dev/loop4', '--bind=/dev/loop5', '--bind=/dev/loop6', '--bind=/dev/loop7', '--bind=/dev/loop8', '--bind=/dev/loop9', '--bind=/dev/loop10', '--bind=/dev/loop11', '--console=pipe', '--setenv=TERM=vt100', '--setenv=SHELL=/bin/bash', '--setenv=HOME=/builddir', '--setenv=HOSTNAME=mock', '--setenv=PATH=/usr/bin:/bin:/usr/sbin:/sbin', '--setenv=PROMPT_COMMAND=printf "\\033]0;<mock-chroot>\\007"', '--setenv=PS1=<mock-chroot> \\s-\\v\\$ ', '--setenv=LANG=en_US.UTF-8', '--setenv=NETRC=/credentials/.netrc', '--setenv=XS_BUILDER=kojibuilder1', '--setenv=XSSIGN_SOCK=/bind/mount/xssign/xssign.sock', '--setenv=XSSIGN_SERVERSIDE_SHARED_DIR=/run/xssign/share/', '--setenv=XSSIGN_CLIENTSIDE_SHARED_DIR=/bind/mount/xssign/share/', '--resolv-conf=off', '/bin/sh', '-c', 'case $(rpmbuild --help) in *--noclean*) exit 0; esac; exit 1'] with env {'TERM': 'vt100', 'SHELL': '/bin/bash', 'HOME': '/builddir', 'HOSTNAME': 'mock', 'PATH': '/usr/bin:/bin:/usr/sbin:/sbin', 'PROMPT_COMMAND': 'printf "\\033]0;<mock-chroot>\\007"', 'PS1': '<mock-chroot> \\s-\\v\\$ ', 'LANG': 'en_US.UTF-8', 'NETRC': '/credentials/.netrc', 'XS_BUILDER': 'kojibuilder1', 'XSSIGN_SOCK': '/bind/mount/xssign/xssign.sock', 'XSSIGN_SERVERSIDE_SHARED_DIR': '/run/xssign/share/', 'XSSIGN_CLIENTSIDE_SHARED_DIR': '/bind/mount/xssign/share/', 'SYSTEMD_NSPAWN_TMPFS_TMP': '0', 'SYSTEMD_SECCOMP': '0'} and shell False
DEBUG util.py:608:  Child return code was: 0
DEBUG util.py:634:  child environment: None
DEBUG backend.py:604:  Copying package to result dir
DEBUG util.py:183:  kill orphans in chroot /var/lib/mock/xs-foundations-xs9-build-95501-282678/root
DEBUG util.py:634:  child environment: None
DEBUG util.py:556:  Executing command: ['/bin/umount', '-n', '/var/lib/mock/xs-foundations-xs9-build-95501-282678/root/credentials'] with env {'TERM': 'vt100', 'SHELL': '/bin/sh', 'HOME': '/builddir', 'HOSTNAME': 'mock', 'PATH': '/usr/bin:/bin:/usr/sbin:/sbin', 'LANG': 'C.UTF-8'} and shell False
DEBUG util.py:608:  Child return code was: 0
DEBUG util.py:634:  child environment: None
DEBUG util.py:556:  Executing command: ['/bin/umount', '-n', '/var/lib/mock/xs-foundations-xs9-build-95501-282678/root/bind/mount/xssign/'] with env {'TERM': 'vt100', 'SHELL': '/bin/sh', 'HOME': '/builddir', 'HOSTNAME': 'mock', 'PATH': '/usr/bin:/bin:/usr/sbin:/sbin', 'LANG': 'C.UTF-8'} and shell False
DEBUG util.py:608:  Child return code was: 0
